1,Goku,10,Emperor Pilaf Saga,Dragon Ball
2,Bulma,1.5,Emperor Pilaf Saga,Dragon Ball
3,Bear Thief,7,Emperor Pilaf Saga,Dragon Ball
4,Master Roshi,30,Emperor Pilaf Saga,Dragon Ball
5,Oolong,5,Emperor Pilaf Saga,Dragon Ball
6,Yamcha,8.5,Emperor Pilaf Saga,Dragon Ball
7,Puar,4,Emperor Pilaf Saga,Dragon Ball
8,Goku (hungry),8,Emperor Pilaf Saga,Dragon Ball
9,Ox-King,25,Emperor Pilaf Saga,Dragon Ball
10,Chi-chi,6,Emperor Pilaf Saga,Dragon Ball
11,Master Roshi (Max power),100,Emperor Pilaf Saga,Dragon Ball
12,Master Roshi's Max Power Kamehameha,180,Emperor Pilaf Saga,Dragon Ball
13,Goku's Kamehameha,12,Emperor Pilaf Saga,Dragon Ball
14,Great Ape Goku,100,Emperor Pilaf Saga,Dragon Ball
15,Goku,28,Tournament Saga,Dragon Ball
16,Master Roshi,40,Tournament Saga,Dragon Ball
17,Krillin,9,Tournament Saga,Dragon Ball
18,Launch (bad),7,Tournament Saga,Dragon Ball
19,Launch (good),4,Tournament Saga,Dragon Ball
20,Goku (Master Roshi's training),37,Tournament Saga,Dragon Ball
21,Krillin (Master Roshi's training),24,Tournament Saga,Dragon Ball
22,Jackie Chun,50,Tournament Saga,Dragon Ball
23,Yamcha,21,Tournament Saga,Dragon Ball
24,Bacterian,8,Tournament Saga,Dragon Ball
25,Nam,20,Tournament Saga,Dragon Ball
26,Ranfan,14,Tournament Saga,Dragon Ball
27,Giran,33,Tournament Saga,Dragon Ball
28,Goku (tail regrown),57,Tournament Saga,Dragon Ball
29,Great Aper Goku,570,Tournament Saga,Dragon Ball
30,Jackie Chun (Max power),250,Tournament Saga,Dragon Ball
31,Jackie Chun's Max power Kamehamha,330,Tournament Saga,Dragon Ball
32,Goku (weakened),24,Tournament Saga,Dragon Ball
33,Jackie Chun (weakened),45,Tournament Saga,Dragon Ball
34,Goku,66,Red Ribbon Army Saga,Dragon Ball
35,Colonel Silver,20,Red Ribbon Army Saga,Dragon Ball
36,Commander Red,5,Red Ribbon Army Saga,Dragon Ball
37,Major Metarillitron,55,Red Ribbon Army Saga,Dragon Ball
38,Goku's Kamehameha,90,Red Ribbon Army Saga,Dragon Ball
39,Ninja Murasaki,40,Red Ribbon Army Saga,Dragon Ball
40,Android 8,67,Red Ribbon Army Saga,Dragon Ball
41,Buyon,58,Red Ribbon Army Saga,Dragon Ball
42,General White,50,Red Ribbon Army Saga,Dragon Ball
43,General Blue,72,Red Ribbon Army Saga,Dragon Ball
44,Krillin,42,Red Ribbon Army Saga,Dragon Ball
45,Arale,35,Red Ribbon Army Saga,Dragon Ball
46,Captain Yellow,18,Red Ribbon Army Saga,Dragon Ball
47,Bora,34,Red Ribbon Army Saga,Dragon Ball
48,Mercenary Tao,110,Red Ribbon Army Saga,Dragon Ball
49,Goku's Kamehameha,90,Red Ribbon Army Saga,Dragon Ball
50,Mercenary Tao's Dodon Ray,115,Red Ribbon Army Saga,Dragon Ball
51,Korin,190,Red Ribbon Army Saga,Dragon Ball
52,Goku (Korin's training),95,Red Ribbon Army Saga,Dragon Ball
53,Yamcha,45,Red Ribbon Army Saga,Dragon Ball
54,Officer Black,30,Red Ribbon Army Saga,Dragon Ball
55,Goku,95,Fortune Teller Baba Saga,Dragon Ball
56,Krillin,65,Fortune Teller Baba Saga,Dragon Ball
57,Yamcha,45,Fortune Teller Baba Saga,Dragon Ball
58,Fangs the Vampire,22,Fortune Teller Baba Saga,Dragon Ball
59,Invisible Man,30,Fortune Teller Baba Saga,Dragon Ball
60,Bandages the Mummy,78,Fortune Teller Baba Saga,Dragon Ball
61,Spike the Devil Man,90,Fortune Teller Baba Saga,Dragon Ball
62,Grandpa Gohan,125,Fortune Teller Baba Saga,Dragon Ball
63,Master Shen,120,Tien Shinhan Saga,Dragon Ball
64,Master Roshi,139,Tien Shinhan Saga,Dragon Ball
65,King Chappa,76,Tien Shinhan Saga,Dragon Ball
66,Yamcha,126,Tien Shinhan Saga,Dragon Ball
67,Tien (suppressed fighting Yamcha),140,Tien Shinhan Saga,Dragon Ball
68,Krillin,130,Tien Shinhan Saga,Dragon Ball
69,Chaoitzu,106,Tien Shinhan Saga,Dragon Ball
70,Pamput,71,Tien Shinhan Saga,Dragon Ball
71,Jackie Chun (suppressed fighting Tien),139,Tien Shinhan Saga,Dragon Ball
72,Tien (suppressed fighting Jackie Chun),140,Tien Shinhan Saga,Dragon Ball
73,Jackie Chun (50%),180,Tien Shinhan Saga,Dragon Ball
74,Tien (full power),180,Tien Shinhan Saga,Dragon Ball
75,Goku,180,Tien Shinhan Saga,Dragon Ball
76,Tien's Tri Beam,985,Tien Shinhan Saga,Dragon Ball
77,Tamborine,150,King Piccolo Saga,Dragon Ball
78,Master Mutaito,128,King Piccolo Saga,Dragon Ball
79,Goku (weakened),134,King Piccolo Saga,Dragon Ball
80,Yajirobe,140,King Piccolo Saga,Dragon Ball
81,Cymbal,115,King Piccolo Saga,Dragon Ball
82,Goku (full power),180,King Piccolo Saga,Dragon Ball
83,King Piccolo (old),220,King Piccolo Saga,Dragon Ball
84,Tien,180,King Piccolo Saga,Dragon Ball
85,Chiatzu,106,King Piccolo Saga,Dragon Ball
86,Master Roshi,139,King Piccolo Saga,Dragon Ball
87,King Piccolo (young suppressed),240,King Piccolo Saga,Dragon Ball
88,Bora,74,King Piccolo Saga,Dragon Ball
89,Yajirobe (after climbing tower),145,King Piccolo Saga,Dragon Ball
90,Korin,190,King Piccolo Saga,Dragon Ball
91,Goku (Ultra Divine Water),260,King Piccolo Saga,Dragon Ball
92,Drum,210,King Piccolo Saga,Dragon Ball
93,King Piccolo (full power fighting Goku),260,King Piccolo Saga,Dragon Ball
94,King Piccolo's Exlposive Demon Wave,380,King Piccolo Saga,Dragon Ball
95,King Piccolo (weakened),230,King Piccolo Saga,Dragon Ball
96,Goku (weakened),225,King Piccolo Saga,Dragon Ball
97,Goku's Penetrate!,320,King Piccolo Saga,Dragon Ball
98,Yamcha,126,King Piccolo Saga,Dragon Ball
99,Krillin,130,King Piccolo Saga,Dragon Ball
100,Mr. Popo,1.3,King Piccolo Saga,Dragon Ball
101,Kami,220,King Piccolo Saga,Dragon Ball
102,Master Roshi,139,Piccolo Jr. Saga,Dragon Ball
103,Krillin,195,Piccolo Jr. Saga,Dragon Ball
104,Yamcha,162,Piccolo Jr. Saga,Dragon Ball
105,Tien,240,Piccolo Jr. Saga,Dragon Ball
106,Yajirobe,148,Piccolo Jr. Saga,Dragon Ball
107,Chiaotzu,137,Piccolo Jr. Saga,Dragon Ball
108,Cyborg Tao,210,Piccolo Jr. Saga,Dragon Ball
109,Piccolo (weighted),260,Piccolo Jr. Saga,Dragon Ball
110,Goku (weighted),265,Piccolo Jr. Saga,Dragon Ball
111,Chi-chi,130,Piccolo Jr. Saga,Dragon Ball
112,King Chappa,90,Piccolo Jr. Saga,Dragon Ball
113,Goku,331,Piccolo Jr. Saga,Dragon Ball
114,Piccolo,325,Piccolo Jr. Saga,Dragon Ball
115,Goku's Super Kamehameha,740,Piccolo Jr. Saga,Dragon Ball
116,Farmer (without shotgun),2,Saiyan Saga,Dragon Ball Z
117,Farmer (with shotgun),5,Saiyan Saga,Dragon Ball Z
118,Raditz,1.2,Saiyan Saga,Dragon Ball Z
119,Gohan,1,Saiyan Saga,Dragon Ball Z
120,Piccolo (weighted),326,Saiyan Saga,Dragon Ball Z
121,Goku (weighted),334,Saiyan Saga,Dragon Ball Z
122,Krillin,206,Saiyan Saga,Dragon Ball Z
123,Bulma,1.5,Saiyan Saga,Dragon Ball Z
124,Roshi,139,Saiyan Saga,Dragon Ball Z
125,Gohan (angry),710,Saiyan Saga,Dragon Ball Z
126,Piccolo,408,Saiyan Saga,Dragon Ball Z
127,Goku,416,Saiyan Saga,Dragon Ball Z
128,Goku's Kamehameha,950,Saiyan Saga,Dragon Ball Z
129,Piccolo's Special Beam Cannon,132,Saiyan Saga,Dragon Ball Z
130,Gohan (Angry),1307,Saiyan Saga,Dragon Ball Z
131,Raditz (weakened),490,Saiyan Saga,Dragon Ball Z
132,Piccolo's Special Beam Cannon,142,Saiyan Saga,Dragon Ball Z
133,Tien,250,Saiyan Saga,Dragon Ball Z
134,Chiaotzu,145,Saiyan Saga,Dragon Ball Z
135,Yamcha,177,Saiyan Saga,Dragon Ball Z
136,Yajirobe,150,Saiyan Saga,Dragon Ball Z
137,Kami,220,Saiyan Saga,Dragon Ball Z
138,Mr. Popo,109,Saiyan Saga,Dragon Ball Z
139,King Yema,17,Saiyan Saga,Dragon Ball Z
140,King Kai,35,Saiyan Saga,Dragon Ball Z
141,Nappa,4,Saiyan Saga,Dragon Ball Z
142,Piccolo (suppressed),14,Saiyan Saga,Dragon Ball Z
143,Gohan (suppressed),1083,Saiyan Saga,Dragon Ball Z
144,Krillin (suppressed),11,Saiyan Saga,Dragon Ball Z
145,Tien,183,Saiyan Saga,Dragon Ball Z
146,Chiaotzu,650,Saiyan Saga,Dragon Ball Z
147,Yamcha,148,Saiyan Saga,Dragon Ball Z
148,Saibamen,12,Saiyan Saga,Dragon Ball Z
149,Saibamen Explosion,375,Saiyan Saga,Dragon Ball Z
150,Krillin (full power),177,Saiyan Saga,Dragon Ball Z
151,Nappa (powered up),45,Saiyan Saga,Dragon Ball Z
152,Piccolo (full power),35,Saiyan Saga,Dragon Ball Z
153,Chiaotzu's Explosion,38,Saiyan Saga,Dragon Ball Z
154,Tien's Spirit Tri Beam,398,Saiyan Saga,Dragon Ball Z
155,Gohan (angry),28,Saiyan Saga,Dragon Ball Z
156,Goku (suppressed),5,Saiyan Saga,Dragon Ball Z
157,Nappa's Bomber DX,568,Saiyan Saga,Dragon Ball Z
158,Goku,82,Saiyan Saga,Dragon Ball Z
159,Nappa (full power),75,Saiyan Saga,Dragon Ball Z
160,Goku (Kaio-ken),123,Saiyan Saga,Dragon Ball Z
161,Vegeta (suppressed),14,Saiyan Saga,Dragon Ball Z
162,Vegeta (full power),18,Saiyan Saga,Dragon Ball Z
163,Goku (Kaio-ken x2),164,Saiyan Saga,Dragon Ball Z
164,Goku (Kaio-ken x3),246,Saiyan Saga,Dragon Ball Z
165,Yajirobe,910,Saiyan Saga,Dragon Ball Z
166,Vegeta's Galick Gun,35,Saiyan Saga,Dragon Ball Z
167,Goku's Kamehameha x3,36,Saiyan Saga,Dragon Ball Z
168,Goku (Kaio-ken x4),328,Saiyan Saga,Dragon Ball Z
169,Goku's Kamehameha x4,44,Saiyan Saga,Dragon Ball Z
170,Vegeta (weakened),135,Saiyan Saga,Dragon Ball Z
171,Vegeta (Great Ape),180,Saiyan Saga,Dragon Ball Z
172,Goku's Spirit Bomb,400,Saiyan Saga,Dragon Ball Z
173,Goku (legs crushed),750,Saiyan Saga,Dragon Ball Z
174,Goku (badly injured),2,Saiyan Saga,Dragon Ball Z
175,Vegeta (weakened),51,Saiyan Saga,Dragon Ball Z
176,Krillin (injured),845,Saiyan Saga,Dragon Ball Z
177,Gohan (fighting Vegeta),28,Saiyan Saga,Dragon Ball Z
178,Krillin's Fusion Spirit Bomb,48,Saiyan Saga,Dragon Ball Z
179,Vegeta (weakened),19,Saiyan Saga,Dragon Ball Z
180,Krillin (weakened),600,Saiyan Saga,Dragon Ball Z
181,Gohan (weakened),420,Saiyan Saga,Dragon Ball Z
182,Gohan (Great Ape),10,Saiyan Saga,Dragon Ball Z
183,Vegeta (badly injured),22,Saiyan Saga,Dragon Ball Z
184,Gohan,2,Namek Saga,Dragon Ball Z
185,Krillin,2,Namek Saga,Dragon Ball Z
186,Bulma,4,Namek Saga,Dragon Ball Z
187,Frieza (calm),220,Namek Saga,Dragon Ball Z
188,Dodoria,22,Namek Saga,Dragon Ball Z
189,Zarbon,23,Namek Saga,Dragon Ball Z
190,Namekians,1,Namek Saga,Dragon Ball Z
191,Namekian Warriors,3,Namek Saga,Dragon Ball Z
192,Dende,3,Namek Saga,Dragon Ball Z
193,Cui,18,Namek Saga,Dragon Ball Z
194,Vegeta (Zenkai),24,Namek Saga,Dragon Ball Z
195,Goku (Zenkai),12,Namek Saga,Dragon Ball Z
196,Krillin (potential unlocked),13,Namek Saga,Dragon Ball Z
197,Zarbon (transformed),285,Namek Saga,Dragon Ball Z
198,Appule,5,Namek Saga,Dragon Ball Z
199,Vegeta (Zenkai),30,Namek Saga,Dragon Ball Z
200,Gohan (potential unlocked),14,Namek Saga,Dragon Ball Z
201,Nail (suppressed),17,Namek Saga,Dragon Ball Z
202,Vegeta (suppressed),23,Ginyu Force Saga,Dragon Ball Z
203,Krillin (suppressed),85,Ginyu Force Saga,Dragon Ball Z
204,Gohan (suppressed),85,Ginyu Force Saga,Dragon Ball Z
205,Guldo,11,Ginyu Force Saga,Dragon Ball Z
206,Krillin,13,Ginyu Force Saga,Dragon Ball Z
207,Gohan,14,Ginyu Force Saga,Dragon Ball Z
208,Vegeta,30,Ginyu Force Saga,Dragon Ball Z
209,Vegeta's Final Crash,40,Ginyu Force Saga,Dragon Ball Z
210,Recoome,45,Ginyu Force Saga,Dragon Ball Z
211,Recoome's Eraser Gun,58,Ginyu Force Saga,Dragon Ball Z
212,Gohan (angry),20,Ginyu Force Saga,Dragon Ball Z
213,Goku (suppressed),5,Ginyu Force Saga,Dragon Ball Z
214,Goku,90,Ginyu Force Saga,Dragon Ball Z
215,Burter,45,Ginyu Force Saga,Dragon Ball Z
216,Jeice,45,Ginyu Force Saga,Dragon Ball Z
217,Jeice's Crusher Ball,56,Ginyu Force Saga,Dragon Ball Z
218,Ginyu (supressed),65,Captain Ginyu Saga,Dragon Ball Z
219,Goku (supressed),62,Captain Ginyu Saga,Dragon Ball Z
220,Ginyu (supressed),87,Captain Ginyu Saga,Dragon Ball Z
221,Goku,90,Captain Ginyu Saga,Dragon Ball Z
222,Goku (Kaio-ken x2),180,Captain Ginyu Saga,Dragon Ball Z
223,Ginyu (full power),120,Captain Ginyu Saga,Dragon Ball Z
224,Ginyu (in Goku's body),23,Captain Ginyu Saga,Dragon Ball Z
225,Gohan (Zenkai),19,Captain Ginyu Saga,Dragon Ball Z
226,Krillin,18,Captain Ginyu Saga,Dragon Ball Z
227,Vegeta (Zenkai),250,Captain Ginyu Saga,Dragon Ball Z
228,Goku (in Ginyu's body),15,Captain Ginyu Saga,Dragon Ball Z
229,Goku (badly injured),200,Captain Ginyu Saga,Dragon Ball Z
230,Nail,42,Captain Ginyu Saga,Dragon Ball Z
231,Frieza (calm),220,Captain Ginyu Saga,Dragon Ball Z
232,Gohan,80,Frieza Saga,Dragon Ball Z
233,Krillin,75,Frieza Saga,Dragon Ball Z
234,Dende (potential unlocked),6,Frieza Saga,Dragon Ball Z
235,Vegeta (rested),490,Frieza Saga,Dragon Ball Z
236,Frieza,530,Frieza Saga,Dragon Ball Z
237,Tien,85,Frieza Saga,Dragon Ball Z
238,Chiaotzu,25,Frieza Saga,Dragon Ball Z
239,Yamcha,68,Frieza Saga,Dragon Ball Z
240,Piccolo (weighted),225,Frieza Saga,Dragon Ball Z
241,Piccolo,300,Frieza Saga,Dragon Ball Z
242,Piccolo (suppressed after fusion with Nail),800,Frieza Saga,Dragon Ball Z
243,2nd form Frieza (suppressed),750,Frieza Saga,Dragon Ball Z
244,Gohan (angry),700,Frieza Saga,Dragon Ball Z
245,Frieza (powered up),800,Frieza Saga,Dragon Ball Z
246,Gohan (Zenkai),200,Frieza Saga,Dragon Ball Z
247,Piccolo (fighting Frieza),820,Frieza Saga,Dragon Ball Z
248,Piccolo (powered up weighted),900,Frieza Saga,Dragon Ball Z
249,2nd form Frieza (full power),1060000,Frieza Saga,Dragon Ball Z
250,Piccolo (full power),1200000,Frieza Saga,Dragon Ball Z
251,Frieza (3rd form),2120000,Frieza Saga,Dragon Ball Z
252,Gohan (angry),1500000,Frieza Saga,Dragon Ball Z
253,Gohan's attack on Frieza,1950000,Frieza Saga,Dragon Ball Z
254,Frieza (final form),3000000,Frieza Saga,Dragon Ball Z
255,Vegeta (Zenkai),2850000,Frieza Saga,Dragon Ball Z
256,Vegeta's Final Burst Cannon,3000000,Frieza Saga,Dragon Ball Z
257,Vegeta (weakened),1600000,Frieza Saga,Dragon Ball Z
258,Goku (Zenkai),1500000,Frieza Saga,Dragon Ball Z
259,Frieza (10% power no hands),12000000,Frieza Saga,Dragon Ball Z
260,Goku (Kaio-ken x2),3000000,Frieza Saga,Dragon Ball Z
261,Goku (Kaio-ken x 3),4500000,Frieza Saga,Dragon Ball Z
262,Frieza (50% power),60000000,Frieza Saga,Dragon Ball Z
263,Goku (Kaio-ken x10),15000000,Frieza Saga,Dragon Ball Z
264,Goku (Kaio-ken x20),30000000,Frieza Saga,Dragon Ball Z
265,Piccolo (Gohan and Krillin's energy),1475000,Frieza Saga,Dragon Ball Z
266,Goku's Spirit Bomb,55000000,Frieza Saga,Dragon Ball Z
267,Goku,3000000,Frieza Saga,Dragon Ball Z
268,Goku (SSJ),150000000,Frieza Saga,Dragon Ball Z
269,Gohan,1500000,Frieza Saga,Dragon Ball Z
270,Frieza (70% power),84000000,Frieza Saga,Dragon Ball Z
271,Frieza (100% power),120000000,Frieza Saga,Dragon Ball Z
272,Freiza (weakening),80000000,Frieza Saga,Dragon Ball Z
273,Frieza (cut in half with Goku's energy),20000000,Frieza Saga,Dragon Ball Z
274,Frieza's attack,62000000,Frieza Saga,Dragon Ball Z
275,Goku's Angry Kamehameha,180000000,Frieza Saga,Dragon Ball Z
276,Gohan,3000000,Trunks Saga,Dragon Ball Z
277,Krillin,150,Trunks Saga,Dragon Ball Z
278,Yamcha,136,Trunks Saga,Dragon Ball Z
279,Vegeta,5700000,Trunks Saga,Dragon Ball Z
280,Tien,170,Trunks Saga,Dragon Ball Z
281,Chiaotzu,50,Trunks Saga,Dragon Ball Z
282,Piccolo,2400000,Trunks Saga,Dragon Ball Z
283,Bulma,1.5,Trunks Saga,Dragon Ball Z
284,Mecha Frieza (50%),60750000,Trunks Saga,Dragon Ball Z
285,King Cold,290000000,Trunks Saga,Dragon Ball Z
286,Future Trunks (suppressed),5,Trunks Saga,Dragon Ball Z
287,Future Trunks,6000000,Trunks Saga,Dragon Ball Z
288,Future Trunks (SSJ),300000000,Trunks Saga,Dragon Ball Z
289,Mecha Freiza's Death Blaster,123000000,Trunks Saga,Dragon Ball Z
290,Mecha Frieza (100%),121500000,Trunks Saga,Dragon Ball Z
291,Mecha Frieza's Supernova,200000000,Trunks Saga,Dragon Ball Z
292,Goku,6000000,Trunks Saga,Dragon Ball Z
293,Goku (SSJ),300000000,Trunks Saga,Dragon Ball Z
294,Future Android 18,5000000000,Trunks Saga,Dragon Ball Z
295,Future Android 17,5000000000,Trunks Saga,Dragon Ball Z
296,Gohan,9000000,Android Saga,Dragon Ball Z
297,Goku,18000000,Android Saga,Dragon Ball Z
298,Piccolo (weighted),5150000,Android Saga,Dragon Ball Z
299,Krillin,450,Android Saga,Dragon Ball Z
300,Yamcha,408,Android Saga,Dragon Ball Z
301,Tien,510,Android Saga,Dragon Ball Z
302,Yajirobe,3,Android Saga,Dragon Ball Z
303,Android 20,210000000,Android Saga,Dragon Ball Z
304,Android 19,190000000,Android Saga,Dragon Ball Z
305,Android 20 (after absorbing Yamcha's energy),280000000,Android Saga,Dragon Ball Z
306,Goku (SSJ),900000000,Android Saga,Dragon Ball Z
307,Goku (SSJ heart disease),587500000,Android Saga,Dragon Ball Z
308,Goku (SSJ heart disease),243750000,Android Saga,Dragon Ball Z
309,Android 19 (Goku's kamehameha absorbed),230000000,Android Saga,Dragon Ball Z
310,Goku (SSJ heart disease),81000000,Android Saga,Dragon Ball Z
311,Vegeta,17100000,Android Saga,Dragon Ball Z
312,Android 19 (Goku's energy absorbed),300000000,Android Saga,Dragon Ball Z
313,Vegeta (SSJ),855000000,Android Saga,Dragon Ball Z
314,Vegeta's Big Bang Attack,1000000000,Android Saga,Dragon Ball Z
315,Vegeta (weakened),12500000,Android Saga,Dragon Ball Z
316,Vegeta (SSJ full power again),855000000,Android Saga,Dragon Ball Z
317,Android 20 (Vegeta's attack absorbed),310000000,Android Saga,Dragon Ball Z
318,Android 20 (Piccolo's energy absorbed),350000000,Android Saga,Dragon Ball Z
319,Piccolo,7200000,Android Saga,Dragon Ball Z
320,Piccolo (full power),180000000,Android Saga,Dragon Ball Z
321,Android 18,5000000000,Android Saga,Dragon Ball Z
322,Android 17,5000000000,Android Saga,Dragon Ball Z
323,Future Trunks,18000000,Android Saga,Dragon Ball Z
324,Future Trunks (SSJ),900000000,Android Saga,Dragon Ball Z
325,Imperfect Cell,450000000,Imperfect Cell Saga,Dragon Ball Z
326,Piccolo (after merging with Kami weighted),6350000,Imperfect Cell Saga,Dragon Ball Z
327,Goku,18000000,Imperfect Cell Saga,Dragon Ball Z
328,Goku (SSJ),900000000,Imperfect Cell Saga,Dragon Ball Z
329,Piccolo (full power fighting Android 17),720000000,Imperfect Cell Saga,Dragon Ball Z
330,Imperfect Cell (Maximum humans absorbed),800000000,Imperfect Cell Saga,Dragon Ball Z
331,Piccolo's Light Grenade,1500000000,Imperfect Cell Saga,Dragon Ball Z
332,Android 16,3000000000,Imperfect Cell Saga,Dragon Ball Z
333,Semi-Perfect Cell (suppressed),1500000000,Perfect Cell Saga,Dragon Ball Z
334,Android 16 (weakened),2250000000,Perfect Cell Saga,Dragon Ball Z
335,Tien's Neo Tri Beam,1000000,Perfect Cell Saga,Dragon Ball Z
336,Chiaotzu,50,Perfect Cell Saga,Dragon Ball Z
337,Vegeta (post-HTC),51300000,Perfect Cell Saga,Dragon Ball Z
338,Vegeta (SSJ),2565000000,Perfect Cell Saga,Dragon Ball Z
339,Future Trunks (post-HTC),54000000,Perfect Cell Saga,Dragon Ball Z
340,Future Trunks (SSJ),2700000000,Perfect Cell Saga,Dragon Ball Z
341,Vegeta (ASSJ),3847500000,Perfect Cell Saga,Dragon Ball Z
342,Semi- Perfect Cell (full power),2000000000,Perfect Cell Saga,Dragon Ball Z
343,Trunks (ASSJ),4050000000,Perfect Cell Saga,Dragon Ball Z
344,Perfect Cell (suppressed),5000000000,Perfect Cell Saga,Dragon Ball Z
345,Perfect Cell (suppressed),6800000000,Perfect Cell Saga,Dragon Ball Z
346,Vegeta's Final Flash,4200000000,Perfect Cell Saga,Dragon Ball Z
347,Future Trunks (USSJ),12150000000,Perfect Cell Saga,Dragon Ball Z
348,Perfect Cell (suppressed),10000000000,Perfect Cell Saga,Dragon Ball Z
349,Future Trunks (USSJ Inexperienced Power Up),16200000000,Perfect Cell Saga,Dragon Ball Z
350,Power-weighted Cell,112500000000,Perfect Cell Saga,Dragon Ball Z
351,Goku,18000000,Goku And Gohan in The Hyperbolic Time Chamber,Dragon Ball Z
352,Gohan,9000000,Goku And Gohan in The Hyperbolic Time Chamber,Dragon Ball Z
353,Goku (SSJ),900000000,Goku And Gohan in The Hyperbolic Time Chamber,Dragon Ball Z
354,Gohan (SSJ),450000000,Goku And Gohan in The Hyperbolic Time Chamber,Dragon Ball Z
355,Goku,180000000,Goku And Gohan in The Hyperbolic Time Chamber,Dragon Ball Z
356,Gohan (SSJ),4500000000,Goku And Gohan in The Hyperbolic Time Chamber,Dragon Ball Z
357,Gohan,90000000,Goku And Gohan in The Hyperbolic Time Chamber,Dragon Ball Z
358,Goku (SSJ),9000000000,Goku And Gohan in The Hyperbolic Time Chamber,Dragon Ball Z
359,Goku (ASSJ),13500000000,Goku And Gohan in The Hyperbolic Time Chamber,Dragon Ball Z
360,Goku (USSJ),40500000000,Goku And Gohan in The Hyperbolic Time Chamber,Dragon Ball Z
361,Goku,400000000,Goku And Gohan in The Hyperbolic Time Chamber,Dragon Ball Z
362,Gohan,350000000,Goku And Gohan in The Hyperbolic Time Chamber,Dragon Ball Z
363,Goku (Post-HTC),400000000,Cell Games Saga,Dragon Ball Z
364,Gohan (Post-HTC),350000000,Cell Games Saga,Dragon Ball Z
365,Tien,600,Cell Games Saga,Dragon Ball Z
366,Krillin,500,Cell Games Saga,Dragon Ball Z
367,Yamcha,480,Cell Games Saga,Dragon Ball Z
368,Piccolo,144000000,Cell Games Saga,Dragon Ball Z
369,Future Trunks (2nd HTC),108000000,Cell Games Saga,Dragon Ball Z
370,Vegeta (2nd HTC),205200000,Cell Games Saga,Dragon Ball Z
371,Mr. Satan,7,Cell Games Saga,Dragon Ball Z
372,Android 16,3000000000,Cell Games Saga,Dragon Ball Z
373,Goku (MSSJ suppressed),10000000000,Cell Games Saga,Dragon Ball Z
374,Perfect Cell (suppressed),15000000000,Cell Games Saga,Dragon Ball Z
375,Goku (MSSJ full power),20000000000,Cell Games Saga,Dragon Ball Z
376,Perfect cell (suppressed),22500000000,Cell Games Saga,Dragon Ball Z
377,Goku's Instant Kamehameha,28750000000,Cell Games Saga,Dragon Ball Z
378,Goku (weakened),12250000000,Cell Games Saga,Dragon Ball Z
379,Cell (weakened),13500000000,Cell Games Saga,Dragon Ball Z
380,Goku (MSSJ weakened),8000000000,Cell Games Saga,Dragon Ball Z
381,Gohan (MSSJ),17500000000,Cell Games Saga,Dragon Ball Z
382,Perfect Cell (suppressed),12300000000,Cell Games Saga,Dragon Ball Z
383,Gohan (MSSJ holding back power),15200000000,Cell Games Saga,Dragon Ball Z
384,Cell Jrs,15000000000,Cell Games Saga,Dragon Ball Z
385,Piccolo (full power),7200000000,Cell Games Saga,Dragon Ball Z
386,Vegeta (SSJ),10260000000,Cell Games Saga,Dragon Ball Z
387,Future Trunks (SSJ),5400000000,Cell Games Saga,Dragon Ball Z
388,Gohan (MSSJ full power ),17500000000,Cell Games Saga,Dragon Ball Z
389,Vegeta (ASSJ),15390000000,Cell Games Saga,Dragon Ball Z
390,Future Trunks (ASSJ),8100000000,Cell Games Saga,Dragon Ball Z
391,Gohan (MSSJ angry),18000000000,Cell Games Saga,Dragon Ball Z
392,Gohan (SSJ2),36000000000,Cell Games Saga,Dragon Ball Z
393,Perfect Cell (full power),25000000000,Cell Games Saga,Dragon Ball Z
394,Perfect Cell's Earth-Destroying Kamehameha,30200000000,Cell Games Saga,Dragon Ball Z
395,Gohan's Standing Kamehameha,45000000000,Cell Games Saga,Dragon Ball Z
396,Power-weighted Cell,112500000000,Cell Games Saga,Dragon Ball Z
397,Semi-Perfect Cell,2000000000,Cell Games Saga,Dragon Ball Z
398,Semi- Pefect Cell's Explosion,100000000000,Cell Games Saga,Dragon Ball Z
399,Super Perfect Cell,50000000000,Cell Games Saga,Dragon Ball Z
400,Gohan (SSJ2 weakened),30000000000,Cell Games Saga,Dragon Ball Z
401,Super Perfect Cell's Solar Kamehameha,80000000000,Cell Games Saga,Dragon Ball Z
402,Gohan's Father-Son Kamehameha,200000000000,Cell Games Saga,Dragon Ball Z
403,Gohan,360000000,Cell Games Saga,Dragon Ball Z
404,Future Android 17,5000000000,Cell Games Saga,Dragon Ball Z
405,Future Android 18,5000000000,Cell Games Saga,Dragon Ball Z
406,Future Trunks (SSJ),5400000000,Cell Games Saga,Dragon Ball Z
407,Future Imperfect Cell,450000000,Cell Games Saga,Dragon Ball Z
408,Goku,400000000,Great Saiyaman Saga/World Tournament Saga,Dragon Ball Z
409,Pikkon (weighted),2450000000,Great Saiyaman Saga/World Tournament Saga,Dragon Ball Z
410,Grand Kai,100000000,Great Saiyaman Saga/World Tournament Saga,Dragon Ball Z
411,Recoome,6500000,Great Saiyaman Saga/World Tournament Saga,Dragon Ball Z
412,Burter,6500000,Great Saiyaman Saga/World Tournament Saga,Dragon Ball Z
413,Jeice,6500000,Great Saiyaman Saga/World Tournament Saga,Dragon Ball Z
414,Guldo,2000000,Great Saiyaman Saga/World Tournament Saga,Dragon Ball Z
415,Frieza,124500000,Great Saiyaman Saga/World Tournament Saga,Dragon Ball Z
416,King Cold,580000000,Great Saiyaman Saga/World Tournament Saga,Dragon Ball Z
417,Super Perfect Cell (suppressed),6500000000,Great Saiyaman Saga/World Tournament Saga,Dragon Ball Z
418,Pikkon (Burning Shoot),28500000000,Great Saiyaman Saga/World Tournament Saga,Dragon Ball Z
419,Caterpy,5000000,Great Saiyaman Saga/World Tournament Saga,Dragon Ball Z
420,Arqua,35000000,Great Saiyaman Saga/World Tournament Saga,Dragon Ball Z
421,Frouge,70000000,Great Saiyaman Saga/World Tournament Saga,Dragon Ball Z
422,Maraikoh,90000000,Great Saiyaman Saga/World Tournament Saga,Dragon Ball Z
423,Torbie,150000000,Great Saiyaman Saga/World Tournament Saga,Dragon Ball Z
424,Tapkar,6000000,Great Saiyaman Saga/World Tournament Saga,Dragon Ball Z
425,Olibu,300000000,Great Saiyaman Saga/World Tournament Saga,Dragon Ball Z
426,King Kai,35,Great Saiyaman Saga/World Tournament Saga,Dragon Ball Z
427,Goku (fighting Pikkon),400000000,Great Saiyaman Saga/World Tournament Saga,Dragon Ball Z
428,Pikkon (suppressed),500000000,Great Saiyaman Saga/World Tournament Saga,Dragon Ball Z
429,Goku (MSSJ),20000000000,Great Saiyaman Saga/World Tournament Saga,Dragon Ball Z
430,Pikkon (full power),40000000000,Great Saiyaman Saga/World Tournament Saga,Dragon Ball Z
431,Goku (Super Kaio-Ken),40000000000,Great Saiyaman Saga/World Tournament Saga,Dragon Ball Z
432,Pikkon's Thunder Flash,45200000000,Great Saiyaman Saga/World Tournament Saga,Dragon Ball Z
433,Gohan,360000000,Great Saiyaman Saga/World Tournament Saga,Dragon Ball Z
434,Gohan (MSSJ),18000000000,Great Saiyaman Saga/World Tournament Saga,Dragon Ball Z
435,Videl,4,Great Saiyaman Saga/World Tournament Saga,Dragon Ball Z
436,Vegeta,1400000000,Great Saiyaman Saga/World Tournament Saga,Dragon Ball Z
437,Vegeta (MSSJ),70000000000,Great Saiyaman Saga/World Tournament Saga,Dragon Ball Z
438,Vegeta (SSJ2),140000000000,Great Saiyaman Saga/World Tournament Saga,Dragon Ball Z
439,Trunks,10000000,Great Saiyaman Saga/World Tournament Saga,Dragon Ball Z
440,Trunks (SSJ),500000000,Great Saiyaman Saga/World Tournament Saga,Dragon Ball Z
441,Goten,9800000,Great Saiyaman Saga/World Tournament Saga,Dragon Ball Z
442,Goten (SSJ),490000000,Great Saiyaman Saga/World Tournament Saga,Dragon Ball Z
443,Krillin,1000000,Great Saiyaman Saga/World Tournament Saga,Dragon Ball Z
444,Android 18,8000000000,Great Saiyaman Saga/World Tournament Saga,Dragon Ball Z
445,Yamcha,800,Great Saiyaman Saga/World Tournament Saga,Dragon Ball Z
446,Piccolo,1000000000,Great Saiyaman Saga/World Tournament Saga,Dragon Ball Z
447,Videl (after learning to use energy),5,Great Saiyaman Saga/World Tournament Saga,Dragon Ball Z
448,Mr. Satan,7,Great Saiyaman Saga/World Tournament Saga,Dragon Ball Z
449,Goku,2800000000,Great Saiyaman Saga/World Tournament Saga,Dragon Ball Z
450,Supreme Kai,100000000000,Great Saiyaman Saga/World Tournament Saga,Dragon Ball Z
451,Kibito,20000000000,Great Saiyaman Saga/World Tournament Saga,Dragon Ball Z
452,Gohan (SSJ2),36000000000,Great Saiyaman Saga/World Tournament Saga,Dragon Ball Z
453,Spopovich,150,Great Saiyaman Saga/World Tournament Saga,Dragon Ball Z
454,Yamu,140,Great Saiyaman Saga/World Tournament Saga,Dragon Ball Z
455,Babidi,20,Babidi Saga/Majin Buu Saga,Dragon Ball Z
456,Pui pui,300000000,Babidi Saga/Majin Buu Saga,Dragon Ball Z
457,Vegeta (fighting Pui pui),1400000000,Babidi Saga/Majin Buu Saga,Dragon Ball Z
458,Yakon,1800000000,Babidi Saga/Majin Buu Saga,Dragon Ball Z
459,Goku (fighting Yakkon),2800000000,Babidi Saga/Majin Buu Saga,Dragon Ball Z
460,Goku (MSSJ),140000000000,Babidi Saga/Majin Buu Saga,Dragon Ball Z
461,Gohan (fighting Dabura),360000000,Babidi Saga/Majin Buu Saga,Dragon Ball Z
462,Dabura (Suppressed),300000000,Babidi Saga/Majin Buu Saga,Dragon Ball Z
463,Gohan (MSSJ),18000000000,Babidi Saga/Majin Buu Saga,Dragon Ball Z
464,Gohan (SSJ2),36000000000,Babidi Saga/Majin Buu Saga,Dragon Ball Z
465,Dabura (full power),30500000000,Babidi Saga/Majin Buu Saga,Dragon Ball Z
466,Goku (SSJ2),280000000000,Babidi Saga/Majin Buu Saga,Dragon Ball Z
467,Majin Vegeta (MSSJ),140000000000,Babidi Saga/Majin Buu Saga,Dragon Ball Z
468,Majin Vegeta (SSJ2),280000000000,Babidi Saga/Majin Buu Saga,Dragon Ball Z
469,Gohan's Electric Kamehameha,47100000000,Babidi Saga/Majin Buu Saga,Dragon Ball Z
470,Majin Buu,350000000000,Babidi Saga/Majin Buu Saga,Dragon Ball Z
471,Majin Vegeta's Final Explosion,500000000000,Babidi Saga/Majin Buu Saga,Dragon Ball Z
472,Goku (SSJ3),1120000000000,Babidi Saga/Majin Buu Saga,Dragon Ball Z
473,Gotenks,1980000000,Fusion Saga,Dragon Ball Z
474,Gotenks (SSJ),99000000,Fusion Saga,Dragon Ball Z
475,Good Buu,350000000000,Fusion Saga,Dragon Ball Z
476,Evil Buu,350000000000,Fusion Saga,Dragon Ball Z
477,Super Buu,800000000000,Fusion Saga,Dragon Ball Z
478,Piccolo,1000000000,Fusion Saga,Dragon Ball Z
479,Tien,2500000,Fusion Saga,Dragon Ball Z
480,Chiaotzu,100,Fusion Saga,Dragon Ball Z
481,Goten (post-HTC),19600000,Fusion Saga,Dragon Ball Z
482,Goten (MSSJ),980000000,Fusion Saga,Dragon Ball Z
483,Trunks (post-HTC),20000000,Fusion Saga,Dragon Ball Z
484,Trunks (MSSJ),1000000000,Fusion Saga,Dragon Ball Z
485,Gotenks,3960000000,Fusion Saga,Dragon Ball Z
486,Gotenks (MSSJ),198000000000,Fusion Saga,Dragon Ball Z
487,Gotenks (SSJ2),396000000000,Fusion Saga,Dragon Ball Z
488,Gotenks (SSJ3),1584000000000,Fusion Saga,Dragon Ball Z
489,Gohan (Zenkai),510000000,Fusion Saga,Dragon Ball Z
490,Gohan (MSSJ),25500000000,Fusion Saga,Dragon Ball Z
491,Gohan (SSJ2),51000000000,Fusion Saga,Dragon Ball Z
492,Gohan (Training with Z sword),750000000,Fusion Saga,Dragon Ball Z
493,Gohan (MSSJ),37500000000,Fusion Saga,Dragon Ball Z
494,Gohan (SSJ2),75000000000,Fusion Saga,Dragon Ball Z
495,Old Kai,1500000,Fusion Saga,Dragon Ball Z
496,Gohan (Full Potential Unlocked),40000000000,Fusion Saga,Dragon Ball Z
497,Ultimate Gohan,4000000000000,Fusion Saga,Dragon Ball Z
498,Piccolo (full power),50000000000,Fusion Saga,Dragon Ball Z
499,Super Buu (Gotenks and Piccolo absorbed),1048000000,Fusion Saga,Dragon Ball Z
500,Tien's Neo Tri-Beam,8000000,Fusion Saga,Dragon Ball Z
501,Kibito Kai,120000000000,Fusion Saga,Dragon Ball Z
502,Goku,2800000000,Fusion Saga,Dragon Ball Z
503,Goku (SSJ3),1120000000000,Fusion Saga,Dragon Ball Z
504,Super Buu (Trunks Goten and Piccolo absorbed),850039600000,Fusion Saga,Dragon Ball Z
505,Super Buu (Gohan absorbed),4850039600000,Fusion Saga,Dragon Ball Z
506,Vegeta,2800000000,Fusion Saga,Dragon Ball Z
507,Vegeta (MSSJ),140000000000,Fusion Saga,Dragon Ball Z
508,Vegeta (SSJ2),280000000000,Fusion Saga,Dragon Ball Z
509,Goku (MSSJ),140000000000,Fusion Saga,Dragon Ball Z
510,Goku (SSJ2),280000000000,Fusion Saga,Dragon Ball Z
511,Vegito,560000000000,Fusion Saga,Dragon Ball Z
512,Vegito (MSSJ),28000000000000,Fusion Saga,Dragon Ball Z
513,Super Buu,800000000000,Fusion Saga,Dragon Ball Z
514,Ultra Buu,2000000000000,Kid Buu Saga,Dragon Ball Z
515,Kid Buu,500000000000,Kid Buu Saga,Dragon Ball Z
516,Western Supreme Kai,110000000000,Kid Buu Saga,Dragon Ball Z
517,Northern Supreme Kai,100000000000,Kid Buu Saga,Dragon Ball Z
518,Southern Supreme Kai,500000000000,Kid Buu Saga,Dragon Ball Z
519,Grand Supreme Kai,120000000000,Kid Buu Saga,Dragon Ball Z
520,Kid Buu's Planet Burst,1000000000000,Kid Buu Saga,Dragon Ball Z
521,Krillin (training in Other World),2000000,Kid Buu Saga,Dragon Ball Z
522,Yamcha (after regaining fighting spirit in Other World),1750000,Kid Buu Saga,Dragon Ball Z
523,Pikkon,140000000000,Kid Buu Saga,Dragon Ball Z
524,Olibu,2100000000,Kid Buu Saga,Dragon Ball Z
525,Goku,2800000000,Kid Buu Saga,Dragon Ball Z
526,Goku (MSSJ),140000000000,Kid Buu Saga,Dragon Ball Z
527,Vegeta,2800000000,Kid Buu Saga,Dragon Ball Z
528,Vegeta (MSSJ),140000000000,Kid Buu Saga,Dragon Ball Z
529,Goku (SSJ2),280000000000,Kid Buu Saga,Dragon Ball Z
530,Goku (SSJ3 holding back),850000000,Kid Buu Saga,Dragon Ball Z
531,Vegeta (SSJ2 fighting Kid Buu),280000000000,Kid Buu Saga,Dragon Ball Z
532,Goku's True Kamehameha,2500000000000,Kid Buu Saga,Dragon Ball Z
533,Goku (SSJ3 weakening),500000000000,Kid Buu Saga,Dragon Ball Z
534,Goku (SSJ3 weakening),300000000000,Kid Buu Saga,Dragon Ball Z
535,Vegeta (SSJ2 weakened),138250000000,Kid Buu Saga,Dragon Ball Z
536,Mr. Satan,7,Kid Buu Saga,Dragon Ball Z
537,Good Buu,350000000000,Kid Buu Saga,Dragon Ball Z
538,Android 17,7000000000,Kid Buu Saga,Dragon Ball Z
539,Goku's Spirit Bomb,5000000000000,Kid Buu Saga,Dragon Ball Z
540,Goku (weakened),850000000,Kid Buu Saga,Dragon Ball Z
541,Goku (MSSJ back to full strength),140000000000,Kid Buu Saga,Dragon Ball Z
542,Goku,28000000000,Kid Buu Saga,Dragon Ball Z
543,Goku (MSSJ),1400000000000,Kid Buu Saga,Dragon Ball Z
544,Goku (SSJ2),2800000000000,Kid Buu Saga,Dragon Ball Z
545,Goku (SSJ3),11200000000000,Kid Buu Saga,Dragon Ball Z
546,Goten,196000000,Kid Buu Saga,Dragon Ball Z
547,Goten (MSSJ),9800000000,Kid Buu Saga,Dragon Ball Z
548,Vegeta,28000000000,Kid Buu Saga,Dragon Ball Z
549,Vegeta (MSSJ),1400000000000,Kid Buu Saga,Dragon Ball Z
550,Vegeta (SSJ2),2800000000000,Kid Buu Saga,Dragon Ball Z
551,Trunks,200000000,Kid Buu Saga,Dragon Ball Z
552,Trunks (MSSJ),10000000000,Kid Buu Saga,Dragon Ball Z
553,Gohan,40000000000,Kid Buu Saga,Dragon Ball Z
554,Gohan (MSSJ),2000000000000,Kid Buu Saga,Dragon Ball Z
555,Gohan (SSJ2),4000000000000,Kid Buu Saga,Dragon Ball Z
556,Piccolo,10000000000,Kid Buu Saga,Dragon Ball Z
557,Piccolo (full power),500000000000,Kid Buu Saga,Dragon Ball Z
558,Krillin,3000000,Kid Buu Saga,Dragon Ball Z
559,Yamcha,2750000,Kid Buu Saga,Dragon Ball Z
560,Uub,19500000000,Kid Buu Saga,Dragon Ball Z
561,Goku (supressed fighting Uub),20000000000,Kid Buu Saga,Dragon Ball Z
562,Good Buu,400000000000,Kid Buu Saga,Dragon Ball Z
563,Pan,100,Kid Buu Saga,Dragon Ball Z
564,Uub,800000000000,Black-Star Dragon Ball Saga,Dragon Ball GT
565,Goku,44800000000,Black-Star Dragon Ball Saga,Dragon Ball GT
566,Goku (kid),30000000000,Black-Star Dragon Ball Saga,Dragon Ball GT
567,Mr. Popo,103,Black-Star Dragon Ball Saga,Dragon Ball GT
568,Dende,10,Black-Star Dragon Ball Saga,Dragon Ball GT
569,Pan,5000000,Black-Star Dragon Ball Saga,Dragon Ball GT
570,Master Roshi,139,Black-Star Dragon Ball Saga,Dragon Ball GT
571,Chi-chi,90,Black-Star Dragon Ball Saga,Dragon Ball GT
572,Gohan,40000000000,Black-Star Dragon Ball Saga,Dragon Ball GT
573,Videl,5,Black-Star Dragon Ball Saga,Dragon Ball GT
574,King Kai,35,Black-Star Dragon Ball Saga,Dragon Ball GT
575,Bulma,1.5,Black-Star Dragon Ball Saga,Dragon Ball GT
576,Mr. Satan,6,Black-Star Dragon Ball Saga,Dragon Ball GT
577,Trunks,3000000000,Black-Star Dragon Ball Saga,Dragon Ball GT
578,Goten,3000000000,Black-Star Dragon Ball Saga,Dragon Ball GT
579,Vegeta,40000000000,Black-Star Dragon Ball Saga,Dragon Ball GT
580,Giru,1000000,Black-Star Dragon Ball Saga,Dragon Ball GT
581,Don Kee,5,Black-Star Dragon Ball Saga,Dragon Ball GT
582,Gale,25000000,Black-Star Dragon Ball Saga,Dragon Ball GT
583,Sheela,24000000,Black-Star Dragon Ball Saga,Dragon Ball GT
584,Trunks,3000000000,Black-Star Dragon Ball Saga,Dragon Ball GT
585,Goku,30000000000,Black-Star Dragon Ball Saga,Dragon Ball GT
586,Ledgic,30000000000,Black-Star Dragon Ball Saga,Dragon Ball GT
587,Goku (MSSJ),1500000000000,Black-Star Dragon Ball Saga,Dragon Ball GT
588,Zoonama,10,Black-Star Dragon Ball Saga,Dragon Ball GT
589,Bon Para,8500000,Black-Star Dragon Ball Saga,Dragon Ball GT
590,Don Para,6800000,Black-Star Dragon Ball Saga,Dragon Ball GT
591,Son Para,3200000,Black-Star Dragon Ball Saga,Dragon Ball GT
592,Cardinal Mutchy Mutchy,8500000000,Black-Star Dragon Ball Saga,Dragon Ball GT
593,Cardinal Mutchy Mutchy (true form),40000000000,Black-Star Dragon Ball Saga,Dragon Ball GT
594,Goku,30000000000,Black-Star Dragon Ball Saga,Dragon Ball GT
595,Goku (MSSJ),1500000000000,Black-Star Dragon Ball Saga,Dragon Ball GT
596,Cardinal Mutchy Mutchy (Goku's energy absorbed),480000000000,Black-Star Dragon Ball Saga,Dragon Ball GT
597,Trunks' Brave Cannon,20000000000,Black-Star Dragon Ball Saga,Dragon Ball GT
598,Dolltaki,5,Black-Star Dragon Ball Saga,Dragon Ball GT
599,Luud (2/3 power),36000000000,Black-Star Dragon Ball Saga,Dragon Ball GT
600,Luud (full power),600000000000,Black-Star Dragon Ball Saga,Dragon Ball GT
601,Commander Nezi,6500000,Black-Star Dragon Ball Saga,Dragon Ball GT
602,Bizu,5600000,Black-Star Dragon Ball Saga,Dragon Ball GT
603,Ribet,4600000,Black-Star Dragon Ball Saga,Dragon Ball GT
604,Natt,1400000,Black-Star Dragon Ball Saga,Dragon Ball GT
605,Goku,30000000000,Baby Saga,Dragon Ball GT
606,Super Mega Cannon Sigma,1670000000,Baby Saga,Dragon Ball GT
607,General Rilldo,500000000000,Baby Saga,Dragon Ball GT
608,Pan,5000000,Baby Saga,Dragon Ball GT
609,Goku (MSSJ),1500000000000,Baby Saga,Dragon Ball GT
610,Meta-Rilldo,1000000000000,Baby Saga,Dragon Ball GT
611,Hyper Meta- Rilldo,2500000000000,Baby Saga,Dragon Ball GT
612,Goku (SSJ2),3000000000000,Baby Saga,Dragon Ball GT
613,Dr. Myuu,1200000,Baby Saga,Dragon Ball GT
614,Baby (infant form),800000000,Baby Saga,Dragon Ball GT
615,Baby (after absorbing people),8000000000,Baby Saga,Dragon Ball GT
616,Trunks (MSSJ),150000000000,Baby Saga,Dragon Ball GT
617,Mr. Satan,6,Baby Saga,Dragon Ball GT
618,Baby (teenage form),16000000000,Baby Saga,Dragon Ball GT
619,Goten,3000000000,Baby Saga,Dragon Ball GT
620,Goten (MSSJ),150000000000,Baby Saga,Dragon Ball GT
621,Gohan (suppressed fighting Baby Goten),210000000000,Baby Saga,Dragon Ball GT
622,Gohan (SSJ2),2000000000000,Baby Saga,Dragon Ball GT
623,Piccolo,10000000000,Baby Saga,Dragon Ball GT
624,Baby Gohan (MSSJ),2000000000000,Baby Saga,Dragon Ball GT
625,Vegeta,40000000000,Baby Saga,Dragon Ball GT
626,Baby Gohan (SSJ2),4000000000000,Baby Saga,Dragon Ball GT
627,Vegeta (MSSJ),2000000000000,Baby Saga,Dragon Ball GT
628,Baby Goten,4000000000,Baby Saga,Dragon Ball GT
629,Vegeta (SSJ2),4000000000000,Baby Saga,Dragon Ball GT
630,Baby Vegeta,50000000000,Baby Saga,Dragon Ball GT
631,Good Buu,400000000000,Baby Saga,Dragon Ball GT
632,Baby Trunks,4000000000,Baby Saga,Dragon Ball GT
633,Goku,30000000000,Baby Saga,Dragon Ball GT
634,Baby Gohan (MSSJ),2000000000000,Baby Saga,Dragon Ball GT
635,Baby Goten (MSSJ),200000000000,Baby Saga,Dragon Ball GT
636,Baby Bulla,1500000,Baby Saga,Dragon Ball GT
637,Goku (SSJ3),12000000000000,Baby Saga,Dragon Ball GT
638,Super Baby Vegeta,2500000000000,Baby Saga,Dragon Ball GT
639,Super Baby Vegeta 2,5000000000000,Baby Saga,Dragon Ball GT
640,Kibito Kai,120000000000,Baby Saga,Dragon Ball GT
641,Old Kai,1500000,Baby Saga,Dragon Ball GT
642,Uub,800000000000,Baby Saga,Dragon Ball GT
643,Super Baby Vegeta 2 (supressed fighting Uub),900000000000,Baby Saga,Dragon Ball GT
644,Majuub,2500000000000,Baby Saga,Dragon Ball GT
645,Super Baby Vegeta 2 (supressed fighting Majuub),3000000000000,Baby Saga,Dragon Ball GT
646,Goku (with tail),40000000000,Baby Saga,Dragon Ball GT
647,Goku (MSSJ),2000000000000,Baby Saga,Dragon Ball GT
648,Goku (SSJ2),4000000000000,Baby Saga,Dragon Ball GT
649,Goku (SSJ3),16000000000000,Baby Saga,Dragon Ball GT
650,Super Baby Vegeta 2 (full power),5000000000000,Baby Saga,Dragon Ball GT
651,Golden Great Ape Goku,40000000000000,Baby Saga,Dragon Ball GT
652,Goku (SSJ4),160000000000000,Baby Saga,Dragon Ball GT
653,Golden Great Ape Baby Vegeta (supressed),18500000000000,Baby Saga,Dragon Ball GT
654,Golden Great Ape Baby Vegeta's Super Galick Gun,40000000000000,Baby Saga,Dragon Ball GT
655,Goku's 10x Kamehameha,200000000000000,Baby Saga,Dragon Ball GT
656,Golden Great Ape Baby Vegeta (full power),20000000000000,Baby Saga,Dragon Ball GT
657,Pan (Zenkai),8500000,Baby Saga,Dragon Ball GT
658,Trunks (Zenkai),5000000000,Baby Saga,Dragon Ball GT
659,Goten (Zenkai),50000000000,Baby Saga,Dragon Ball GT
660,Gohan (Zenkai),45000000000,Baby Saga,Dragon Ball GT
661,Trunks (MSSJ),250000000000,Baby Saga,Dragon Ball GT
662,Goten (MSSJ),250000000000,Baby Saga,Dragon Ball GT
663,Gohan (SSJ2),4500000000000,Baby Saga,Dragon Ball GT
664,Majuub,2500000000000,Baby Saga,Dragon Ball GT
665,Goku (SSJ4 Gohan Trunks Goten and Pan's energy and Zenkai),400000000000000,Baby Saga,Dragon Ball GT
666,Baby (adult form),80000000000,Baby Saga,Dragon Ball GT
667,Goku's 10x Kamehameha,4000000000000000,Baby Saga,Dragon Ball GT
668,Goku,50000000000,Super 17 saga,Dragon Ball GT
669,Krillin,74,Super 17 saga,Dragon Ball GT
670,Trunks (fighting Android 17),5000000000,Super 17 saga,Dragon Ball GT
671,Vegeta (Zenkai),50000000000,Super 17 saga,Dragon Ball GT
672,Pan,8500000,Super 17 saga,Dragon Ball GT
673,Mr. Satan,6,Super 17 saga,Dragon Ball GT
674,Goten,5000000000,Super 17 saga,Dragon Ball GT
675,Majuub (supressed),200000000000,Super 17 saga,Dragon Ball GT
676,Android 17,150000000000,Super 17 saga,Dragon Ball GT
677,Raditz,287,Super 17 saga,Dragon Ball GT
678,Cooler,584000000,Super 17 saga,Dragon Ball GT
679,Babidi,20,Super 17 saga,Dragon Ball GT
680,Zarbon,4200000,Super 17 saga,Dragon Ball GT
681,Dodoria,4100000,Super 17 saga,Dragon Ball GT
682,Recoome,8500000,Super 17 saga,Dragon Ball GT
683,Jeice,8500000,Super 17 saga,Dragon Ball GT
684,Burter,8500000,Super 17 saga,Dragon Ball GT
685,Guldo,3000000,Super 17 saga,Dragon Ball GT
686,Ginyu,25000000,Super 17 saga,Dragon Ball GT
687,General Blue,75,Super 17 saga,Dragon Ball GT
688,Major Metallitron,84,Super 17 saga,Dragon Ball GT
689,Officer Black,20,Super 17 saga,Dragon Ball GT
690,Pui Pui,400000000,Super 17 saga,Dragon Ball GT
691,Yakkon,8400000000,Super 17 saga,Dragon Ball GT
692,Android 19,400000000,Super 17 saga,Dragon Ball GT
693,Hell fighter 17,150000000000,Super 17 saga,Dragon Ball GT
694,Frieza,146500000,Super 17 saga,Dragon Ball GT
695,Cell,60000000000,Super 17 saga,Dragon Ball GT
696,Cell (Goku Absorbed),120000000000,Super 17 saga,Dragon Ball GT
697,Cell,120000000000,Super 17 saga,Dragon Ball GT
698,Saibamen,12,Super 17 saga,Dragon Ball GT
699,General Rilldo,500000000000,Super 17 saga,Dragon Ball GT
700,Gohan,45000000000,Super 17 saga,Dragon Ball GT
701,Majuub (supressed),300000000000,Super 17 saga,Dragon Ball GT
702,Trunks,5000000000,Super 17 saga,Dragon Ball GT
703,Goten,5000000000,Super 17 saga,Dragon Ball GT
704,Android 18,120000000000,Super 17 saga,Dragon Ball GT
705,Nappa,650,Super 17 saga,Dragon Ball GT
706,Super 17,30000000000000,Super 17 saga,Dragon Ball GT
707,Gohan,45000000000,Super 17 saga,Dragon Ball GT
708,Gohan's Super Kamehameha,7000000000000,Super 17 saga,Dragon Ball GT
709,Gohan (SSJ2),4500000000000,Super 17 saga,Dragon Ball GT
710,Trunks (MSSJ),250000000000,Super 17 saga,Dragon Ball GT
711,Majuub (full power Majin Buu's power wore off),3000000000000,Super 17 saga,Dragon Ball GT
712,Goten (MSSJ),250000000000,Super 17 saga,Dragon Ball GT
713,Vegeta (SSJ2),5000000000000,Super 17 saga,Dragon Ball GT
714,Piccolo,20000000000,Super 17 saga,Dragon Ball GT
715,Vegeta's Final Shine Attack,18000000000000,Super 17 saga,Dragon Ball GT
716,Goku (MSSJ),2500000000000,Super 17 saga,Dragon Ball GT
717,Super 17 (attacks absorbed),40000000000000,Super 17 saga,Dragon Ball GT
718,Goku (SSJ4),200000000000000,Super 17 saga,Dragon Ball GT
719,Goku's 10x Kamehameha,2000000000000000,Super 17 saga,Dragon Ball GT
720,Super 17 (10x Kamehameha absorbed),530000000000000,Super 17 saga,Dragon Ball GT
721,Android 18,120000000000,Super 17 saga,Dragon Ball GT
722,Goku,50000000000,Super 17 saga,Dragon Ball GT
723,Goku's Super Dragon Fist,1,85E+16,Super 17 saga,Dragon Ball GT
724,Super 17 (weakened),2100000000000,Super 17 saga,Dragon Ball GT
725,Goku's Super Kamehameha,34000000000000,Super 17 saga,Dragon Ball GT
726,Goku,80000000000,Shadow Dragon Saga,Dragon Ball GT
727,Pan,10000000,Shadow Dragon Saga,Dragon Ball GT
728,King Kai,35,Shadow Dragon Saga,Dragon Ball GT
729,Kibito Kai,120000000000,Shadow Dragon Saga,Dragon Ball GT
730,Mr. Popo,103,Shadow Dragon Saga,Dragon Ball GT
731,Gohan (Zenkai),50000000000,Shadow Dragon Saga,Dragon Ball GT
732,Goten (Zenkai),8000000000,Shadow Dragon Saga,Dragon Ball GT 
733,Trunks (Zenkai),8000000000,Shadow Dragon Saga,Dragon Ball GT
734,Vegeta (normal baseZenkai),80000000000,Shadow Dragon Saga,Dragon Ball GT
735,Haze Shenron,10000000000,Shadow Dragon Saga,Dragon Ball GT
736,Rage Shenron,500000000000,Shadow Dragon Saga,Dragon Ball GT
737,Goku (SSJ4),320000000000000,Shadow Dragon Saga,Dragon Ball GT
738,Oceanus Shenron,600000000000,Shadow Dragon Saga,Dragon Ball GT
739,Naturon Shenron (mole absorbed),7000000000,Shadow Dragon Saga,Dragon Ball GT
740,Naturon Shenron (Pan absorbed),70000000000,Shadow Dragon Saga,Dragon Ball GT
741,Naturon Shenron (true mole form),700000000000,Shadow Dragon Saga,Dragon Ball GT
742,Nouva Shenron (heat armor),1500000000000,Shadow Dragon Saga,Dragon Ball GT
743,Goku,80000000000,Shadow Dragon Saga,Dragon Ball GT
744,Goku (MSSJ),4000000000000,Shadow Dragon Saga,Dragon Ball GT
745,Goku (SSJ4),320000000000000,Shadow Dragon Saga,Dragon Ball GT
746,Nouva Shenron (full power),30000000000000,Shadow Dragon Saga,Dragon Ball GT
747,Ice Shenron,30000000000000,Shadow Dragon Saga,Dragon Ball GT
748,Goku's Dragon Fist,2E+15,Shadow Dragon Saga,Dragon Ball GT
749,Syn Shenron,500000000000000,Shadow Dragon Saga,Dragon Ball GT
750,Gohan (SSJ2),5000000000000,Shadow Dragon Saga,Dragon Ball GT
751,Goten (MSSJ),400000000000,Shadow Dragon Saga,Dragon Ball GT
752,Trunks (MSSJ),400000000000,Shadow Dragon Saga,Dragon Ball GT
753,Majuub,32000000000000,Shadow Dragon Saga,Dragon Ball GT
754,Goku (SSJ4),320000000000000,Shadow Dragon Saga,Dragon Ball GT
755,Vegeta,80000000000,Shadow Dragon Saga,Dragon Ball GT
756,Omega Shenron,7E+15,Shadow Dragon Saga,Dragon Ball GT
757,Golden Great Ape Vegeta,80000000000000,Shadow Dragon Saga,Dragon Ball GT
758,Vegeta (SSJ4),320000000000000,Shadow Dragon Saga,Dragon Ball GT
759,Gogeta (SSJ4),64000000000000000,Shadow Dragon Saga,Dragon Ball GT
760,Goku,100000000000,Shadow Dragon Saga,Dragon Ball GT
761,Vegeta,100000000000,Shadow Dragon Saga,Dragon Ball GT
762,Vegeta (MSSJ),5000000000000,Shadow Dragon Saga,Dragon Ball GT
763,Vegeta (SSJ2),10000000000000,Shadow Dragon Saga,Dragon Ball GT
764,Goku (MSSJ),5000000000000,Shadow Dragon Saga,Dragon Ball GT
765,Tien,35000000,Shadow Dragon Saga,Dragon Ball GT
766,Chiaotzu,1000000,Shadow Dragon Saga,Dragon Ball GT
767,Yamcha,500,Shadow Dragon Saga,Dragon Ball GT
768,Goku's Universal Spirit Bomb,7E+17,Shadow Dragon Saga,Dragon Ball GT
769,Piccolo,20000000000,Shadow Dragon Saga,Dragon Ball GT
770,Master Roshi,139,Shadow Dragon Saga,Dragon Ball GT
771,Krillin,78,Shadow Dragon Saga,Dragon Ball GT
772,Goku (supressed fighting Krillin),60,Shadow Dragon Saga,Dragon Ball GT
773,Piccolo (weighted),322,Movie 1: Dead Zone,Dragon Ball Z
774,Ginger,265,Movie 1: Dead Zone,Dragon Ball Z
775,Nicky,250,Movie 1: Dead Zone,Dragon Ball Z
776,Sansho,245,Movie 1: Dead Zone,Dragon Ball Z
777,Gohan,1,Movie 1: Dead Zone,Dragon Ball Z
778,Ox King,70,Movie 1: Dead Zone,Dragon Ball Z
779,Chi-chi,130,Movie 1: Dead Zone,Dragon Ball Z
780,Goku (weighted),330,Movie 1: Dead Zone,Dragon Ball Z
781,Kami,220,Movie 1: Dead Zone,Dragon Ball Z
782,Garlic Jr.,310,Movie 1: Dead Zone,Dragon Ball Z
783,Ginger (buff),300,Movie 1: Dead Zone,Dragon Ball Z
784,Nicky (buff),290,Movie 1: Dead Zone,Dragon Ball Z
785,Sansho (buff),275,Movie 1: Dead Zone,Dragon Ball Z
786,Krillin,202,Movie 1: Dead Zone,Dragon Ball Z
787,Super Garlic Jr.,800,Movie 1: Dead Zone,Dragon Ball Z
788,Goku,412,Movie 1: Dead Zone,Dragon Ball Z
789,Piccolo,404,Movie 1: Dead Zone,Dragon Ball Z
790, Gohan (angry),13,Movie 1: Dead Zone,Dragon Ball Z
791,Gohan (supressed),300,Movie 2: World's Strongest,Dragon Ball Z
792,Bio Men,125,Movie 2: World's Strongest,Dragon Ball Z
793,Piccolo (weighted),56,Movie 2: World's Strongest,Dragon Ball Z
794,Bulma,1.5,Movie 2: World's Strongest,Dragon Ball Z
795,Master Roshi,44,Movie 2: World's Strongest,Dragon Ball Z
796,Dr. Kochin,200,Movie 2: World's Strongest,Dragon Ball Z
797,Miskatsun,62,Movie 2: World's Strongest,Dragon Ball Z
798,Ebifurya,72,Movie 2: World's Strongest,Dragon Ball Z
799,Kishime,75,Movie 2: World's Strongest,Dragon Ball Z
800,Goku,82,Movie 2: World's Strongest,Dragon Ball Z
801,Gohan,185,Movie 2: World's Strongest,Dragon Ball Z
802,Krillin,177,Movie 2: World's Strongest,Dragon Ball Z
803,Goku (Kaio-ken),123,Movie 2: World's Strongest,Dragon Ball Z
804,Goku (Kaio-ken x2),164,Movie 2: World's Strongest,Dragon Ball Z
805,Piccolo (controlled weighted),6225,Movie 2: World's Strongest,Dragon Ball Z
806,Piccolo (controlled),83,Movie 2: World's Strongest,Dragon Ball Z
807,Piccolo,7,Movie 2: World's Strongest,Dragon Ball Z
808,Dr. Wheelo,23,Movie 2: World's Strongest,Dragon Ball Z
809,Gohan (angry),135,Movie 2: World's Strongest,Dragon Ball Z
810,Student-Teacher Kamehameha,17,Movie 2: World's Strongest,Dragon Ball Z
811,Goku (Kaio-ken x3),246,Movie 2: World's Strongest,Dragon Ball Z
812,Goku's Kaio-ken x3 Kamehameha,32,Movie 2: World's Strongest,Dragon Ball Z
813,Dr. Wheelo's blast,38,Movie 2: World's Strongest,Dragon Ball Z
814,Goku's Kaio-ken x4 Kamehameha,45,Movie 2: World's Strongest,Dragon Ball Z
815,Dr. Wheelo,40,Movie 2: World's Strongest,Dragon Ball Z
816,Goku's Spirit Bomb,400,Movie 2: World's Strongest,Dragon Ball Z
817,Gohan (angry),20,Movie 2: World's Strongest,Dragon Ball Z
818,Dr. Wheelo's Planet Geyser,65,Movie 2: World's Strongest,Dragon Ball Z
819,Goku's Spirit Bomb,300,Movie 2: World's Strongest,Dragon Ball Z
820,Gohan,750,Movie 3: The Tree of Might,Dragon Ball Z
821,Krillin,75,Movie 3: The Tree of Might,Dragon Ball Z
822,Chi-chi,130,Movie 3: The Tree of Might,Dragon Ball Z
823,Goku,1500000,Movie 3: The Tree of Might,Dragon Ball Z
824,Amond,40,Movie 3: The Tree of Might,Dragon Ball Z
825,Daiz,34,Movie 3: The Tree of Might,Dragon Ball Z
826,Cacao,28,Movie 3: The Tree of Might,Dragon Ball Z
827,Rasin,65,Movie 3: The Tree of Might,Dragon Ball Z
828,Lakasei,65,Movie 3: The Tree of Might,Dragon Ball Z
829,Tien,100,Movie 3: The Tree of Might,Dragon Ball Z
830,Yamcha,68,Movie 3: The Tree of Might,Dragon Ball Z
831,Chiaotzu,25,Movie 3: The Tree of Might,Dragon Ball Z
832,Turles,1000000,Movie 3: The Tree of Might,Dragon Ball Z
833,Piccolo,600,Movie 3: The Tree of Might,Dragon Ball Z
834,Great Ape Gohan,7500000,Movie 3: The Tree of Might,Dragon Ball Z
835,Goku (Kaio-ken),3000000,Movie 3: The Tree of Might,Dragon Ball Z
836,Turles (after eating fruit),3000000,Movie 3: The Tree of Might,Dragon Ball Z
837,Goku (Kaio-ken x10),60000000,Movie 3: The Tree of Might,Dragon Ball Z
838,Goku's Spirit Bomb,600000000,Movie 3: The Tree of Might,Dragon Ball Z
839,Piccolo (weighted),600,Movie 4: Lord Slug,Dragon Ball Z
840,Gohan,1500000,Movie 4: Lord Slug,Dragon Ball Z
841,Bulma,1.5,Movie 4: Lord Slug,Dragon Ball Z
842,Krillin,150,Movie 4: Lord Slug,Dragon Ball Z
843,Goku,3000000,Movie 4: Lord Slug,Dragon Ball Z
844,Chi-chi,130,Movie 4: Lord Slug,Dragon Ball Z
845,Slug Soldiers,1,Movie 4: Lord Slug,Dragon Ball Z
846,Lord Slug (old),8000000,Movie 4: Lord Slug,Dragon Ball Z
847,Commander Zeeun,30,Movie 4: Lord Slug,Dragon Ball Z
848,Wings,24,Movie 4: Lord Slug,Dragon Ball Z
849,Medamatcha,20,Movie 4: Lord Slug,Dragon Ball Z
850,Angila,225,Movie 4: Lord Slug,Dragon Ball Z
851,Lord Slug,56000000,Movie 4: Lord Slug,Dragon Ball Z
852,Goku (FSSJ),105000000,Movie 4: Lord Slug,Dragon Ball Z
853,Lord Slug (Giant),150000000,Movie 4: Lord Slug,Dragon Ball Z
854,Piccolo,1200000,Movie 4: Lord Slug,Dragon Ball Z
855,Goku (Piccolo's energy),106200000,Movie 4: Lord Slug,Dragon Ball Z
856,Goku (Kaio-ken x20),4248000000,Movie 4: Lord Slug,Dragon Ball Z
857,Lord Slug (injured),50000000,Movie 4: Lord Slug,Dragon Ball Z
858,Goku's Spirit Bomb,2000000000,Movie 4: Lord Slug,Dragon Ball Z
859,Frieza,530,Movie 5: Cooler's Revenge,Dragon Ball Z
860,Master Roshi,139,Movie 5: Cooler's Revenge,Dragon Ball Z
861,Goku,10000000,Movie 5: Cooler's Revenge,Dragon Ball Z
862,Gohan,6000000,Movie 5: Cooler's Revenge,Dragon Ball Z
863,Krillin,150,Movie 5: Cooler's Revenge,Dragon Ball Z
864,Doore,1085000,Movie 5: Cooler's Revenge,Dragon Ball Z
865,Neiz,1070000,Movie 5: Cooler's Revenge,Dragon Ball Z
866,Salza,1150000,Movie 5: Cooler's Revenge,Dragon Ball Z
867,Goku (supressed fighting Armored Squad),2800000,Movie 5: Cooler's Revenge,Dragon Ball Z
868,Cooler (supressed),16800000,Movie 5: Cooler's Revenge,Dragon Ball Z
869,Piccolo (weighted),5150000,Movie 5: Cooler's Revenge,Dragon Ball Z
870,Piccolo,180000000,Movie 5: Cooler's Revenge,Dragon Ball Z
871,Goku (Zenkai),12000000,Movie 5: Cooler's Revenge,Dragon Ball Z
872,Cooler (full power),200000000,Movie 5: Cooler's Revenge,Dragon Ball Z
873,Cooler (transformed),300000000,Movie 5: Cooler's Revenge,Dragon Ball Z
874,Goku (Kaio-ken x10),120000000,Movie 5: Cooler's Revenge,Dragon Ball Z
875,Goku (Kaio-ken x20),240000000,Movie 5: Cooler's Revenge,Dragon Ball Z
876,Goku's Kaio-ken x20 Kamehameha,400000000,Movie 5: Cooler's Revenge,Dragon Ball Z
877,Goku (SSJ),600000000,Movie 5: Cooler's Revenge,Dragon Ball Z
878,Cooler's Supernova,500000000,Movie 5: Cooler's Revenge,Dragon Ball Z
879,Cooler (full power never used),470000000,Movie 5: Cooler's Revenge,Dragon Ball Z
880,Namekian Warrior,5,Movie 6: The Return of Cooler,Dragon Ball Z
881,Master Roshi,139,Movie 6: The Return of Cooler,Dragon Ball Z
882,Yajirobe,3,Movie 6: The Return of Cooler,Dragon Ball Z
883,Krillin,450,Movie 6: The Return of Cooler,Dragon Ball Z
884,Gohan,350000000,Movie 6: The Return of Cooler,Dragon Ball Z
885,Goku,400000000,Movie 6: The Return of Cooler,Dragon Ball Z
886,Piccolo (weighted),14400000,Movie 6: The Return of Cooler,Dragon Ball Z
887,Cyclopian Guards,800000000,Movie 6: The Return of Cooler,Dragon Ball Z
888,Piccolo,7200000000,Movie 6: The Return of Cooler,Dragon Ball Z
889,Meta Cooler,5200000000,Movie 6: The Return of Cooler,Dragon Ball Z
890,Goku (Kaio-ken x10),4000000000,Movie 6: The Return of Cooler,Dragon Ball Z
891,Goku (MSSJ),20000000000,Movie 6: The Return of Cooler,Dragon Ball Z
892,Meta Cooler (recovered),10000000000,Movie 6: The Return of Cooler,Dragon Ball Z
893,Vegeta,205200000,Movie 6: The Return of Cooler,Dragon Ball Z
894,Vegeta (MSSJ),10260000000,Movie 6: The Return of Cooler,Dragon Ball Z
895,Master Roshi,139,Movie 7: Super Android 13,Dragon Ball Z
896,Krillin,450,Movie 7: Super Android 13,Dragon Ball Z
897,Trunks,18000000,Movie 7: Super Android 13,Dragon Ball Z
898,Gohan,9000000,Movie 7: Super Android 13,Dragon Ball Z
899,Goku,18000000,Movie 7: Super Android 13,Dragon Ball Z
900,Vegeta,17100000,Movie 7: Super Android 13,Dragon Ball Z
901,Androd 15 (supressed),28000000,Movie 7: Super Android 13,Dragon Ball Z
902,Android 14 (supressed),27000000,Movie 7: Super Android 13,Dragon Ball Z
903,Goku (SSJ),900000000,Movie 7: Super Android 13,Dragon Ball Z
904,Trunks (SSJ),900000000,Movie 7: Super Android 13,Dragon Ball Z
905,Vegeta (SSJ),855000000,Movie 7: Super Android 13,Dragon Ball Z
906,Android 13 (full power),620000000,Movie 7: Super Android 13,Dragon Ball Z
907,Android 14 (full power),570000000,Movie 7: Super Android 13,Dragon Ball Z
908,Android 15 (full power),580000000,Movie 7: Super Android 13,Dragon Ball Z
909,Piccolo,720000000,Movie 7: Super Android 13,Dragon Ball Z
910,Super Android 13,1770000000,Movie 7: Super Android 13,Dragon Ball Z
911,Goku's Spirit Bomb,2000000000,Movie 7: Super Android 13,Dragon Ball Z
912,Goku (SSJ Spirit Bomb absorbed),2650000000,Movie 7: Super Android 13,Dragon Ball Z
913,Goku,400000000,Movie 8: Broly - The Legendary Super Saiyan,Dragon Ball Z
914,Krillin,500,Movie 8: Broly - The Legendary Super Saiyan,Dragon Ball Z
915,Master Roshi,139,Movie 8: Broly - The Legendary Super Saiyan,Dragon Ball Z
916,Gohan,350000000,Movie 8: Broly - The Legendary Super Saiyan,Dragon Ball Z
917,Future Trunks,108000000,Movie 8: Broly - The Legendary Super Saiyan,Dragon Ball Z
918,Vegeta,205200000,Movie 8: Broly - The Legendary Super Saiyan,Dragon Ball Z
919,King Kai,35,Movie 8: Broly - The Legendary Super Saiyan,Dragon Ball Z
920,Paragus,30,Movie 8: Broly - The Legendary Super Saiyan,Dragon Ball Z
921,Broly (supressed),12,Movie 8: Broly - The Legendary Super Saiyan,Dragon Ball Z
922,Paragus (flash back),4,Movie 8: Broly - The Legendary Super Saiyan,Dragon Ball Z
923,King Vegeta,10,Movie 8: Broly - The Legendary Super Saiyan,Dragon Ball Z
924,Broly (baby),10,Movie 8: Broly - The Legendary Super Saiyan,Dragon Ball Z
925,Goku (baby),2,Movie 8: Broly - The Legendary Super Saiyan,Dragon Ball Z
926,Broly (kid),4000000,Movie 8: Broly - The Legendary Super Saiyan,Dragon Ball Z
927,Broly,340000000,Movie 8: Broly - The Legendary Super Saiyan,Dragon Ball Z
928,Broly (SSJ),17000000000,Movie 8: Broly - The Legendary Super Saiyan,Dragon Ball Z
929,Goku,400000000,Movie 8: Broly - The Legendary Super Saiyan,Dragon Ball Z
930,Broly (between SSJ and LSSJ),28000000000,Movie 8: Broly - The Legendary Super Saiyan,Dragon Ball Z
931,Vegeta (ASSJ),15390000000,Movie 8: Broly - The Legendary Super Saiyan,Dragon Ball Z
932,Broly (LSSJ),30750000000,Movie 8: Broly - The Legendary Super Saiyan,Dragon Ball Z
933,Gohan,350000000,Movie 8: Broly - The Legendary Super Saiyan,Dragon Ball Z
934,Goku (MSSJ),20000000000,Movie 8: Broly - The Legendary Super Saiyan,Dragon Ball Z
935,Gohan (MSSJ),17500000000,Movie 8: Broly - The Legendary Super Saiyan,Dragon Ball Z
936,Trunks (ASSJ),8100000000,Movie 8: Broly - The Legendary Super Saiyan,Dragon Ball Z
937,Master Roshi (max power),360,Movie 8: Broly - The Legendary Super Saiyan,Dragon Ball Z
938,Piccolo (weighted),14400000,Movie 8: Broly - The Legendary Super Saiyan,Dragon Ball Z
939,Piccolo (full power),7200000000,Movie 8: Broly - The Legendary Super Saiyan,Dragon Ball Z
940,Broly (LSSJ),51000000000,Movie 8: Broly - The Legendary Super Saiyan,Dragon Ball Z
941,Vegeta (ASSJ),15390000000,Movie 8: Broly - The Legendary Super Saiyan,Dragon Ball Z
942,Goku (MSSJ Z Fighters energy absorbed),70000000000,Movie 8: Broly - The Legendary Super Saiyan,Dragon Ball Z
943,Goku,400000000,OVA: Plan to Eradicate the Super Saiyans,Dragon Ball Z
944,Gohan,350000000,OVA: Plan to Eradicate the Super Saiyans,Dragon Ball Z
945,Chi-chi,130,OVA: Plan to Eradicate the Super Saiyans,Dragon Ball Z
946,Mr. Popo,103,OVA: Plan to Eradicate the Super Saiyans,Dragon Ball Z
947,Bulma,1.5,OVA: Plan to Eradicate the Super Saiyans,Dragon Ball Z
948,Piccolo (weighted),14400000,OVA: Plan to Eradicate the Super Saiyans,Dragon Ball Z
949,Monsters,300000000,OVA: Plan to Eradicate the Super Saiyans,Dragon Ball Z
950,Goku (MSSJ),20000000000,OVA: Plan to Eradicate the Super Saiyans,Dragon Ball Z
951,Gohan (MSSJ),17500000000,OVA: Plan to Eradicate the Super Saiyans,Dragon Ball Z
952,Vegeta (ASSJ),15390000000,OVA: Plan to Eradicate the Super Saiyans,Dragon Ball Z
953,Future Trunks (ASSJ),810000000,OVA: Plan to Eradicate the Super Saiyans,Dragon Ball Z
954,Piccolo (full power),7200000000,OVA: Plan to Eradicate the Super Saiyans,Dragon Ball Z
955,Lord Slug,150000000,OVA: Plan to Eradicate the Super Saiyans,Dragon Ball Z
956,Turles,4500000,OVA: Plan to Eradicate the Super Saiyans,Dragon Ball Z
957,Frieza,120000000,OVA: Plan to Eradicate the Super Saiyans,Dragon Ball Z
958,Cooler,470000000,OVA: Plan to Eradicate the Super Saiyans,Dragon Ball Z
959,King Kai,35,OVA: Plan to Eradicate the Super Saiyans,Dragon Ball Z
960,Vegeta,205200000,OVA: Plan to Eradicate the Super Saiyans,Dragon Ball Z
961,Future Trunks,108000000,OVA: Plan to Eradicate the Super Saiyans,Dragon Ball Z
962,Hatchiyack,80000000000,OVA: Plan to Eradicate the Super Saiyans,Dragon Ball Z
963,Goku's Super Kamehameha,25300000000,OVA: Plan to Eradicate the Super Saiyans,Dragon Ball Z
964,Gohan's Super Masenko,24000000000,OVA: Plan to Eradicate the Super Saiyans,Dragon Ball Z
965,Vegeta's Final Flash,14400000000,OVA: Plan to Eradicate the Super Saiyans,Dragon Ball Z
966,Future Trunks' Burning Attack,13800000000,OVA: Plan to Eradicate the Super Saiyans,Dragon Ball Z
967,Piccolo's Special Beam Cannon (remake),13500000000,OVA: Plan to Eradicate the Super Saiyans,Dragon Ball Z
968,King Kai,35,Movie 9: Bojack Unbound,Dragon Ball Z
969,Goku,400000000,Movie 9: Bojack Unbound,Dragon Ball Z
970,Mr. Satan,40,Movie 9: Bojack Unbound,Dragon Ball Z
971,Krillin,500,Movie 9: Bojack Unbound,Dragon Ball Z
972,Chi-chi,130,Movie 9: Bojack Unbound,Dragon Ball Z
973,Master Roshi,139,Movie 9: Bojack Unbound,Dragon Ball Z
974,Yamcha,450,Movie 9: Bojack Unbound,Dragon Ball Z
975,Gohan,360000000,Movie 9: Bojack Unbound,Dragon Ball Z
976,Tien,600,Movie 9: Bojack Unbound,Dragon Ball Z
977,Trunks (supressed fighting Tien),1150000,Movie 9: Bojack Unbound,Dragon Ball Z
978,Tien (Spirit Burst),1800000,Movie 9: Bojack Unbound,Dragon Ball Z
979,Trunks (SSJ),5400000000,Movie 9: Bojack Unbound,Dragon Ball Z
980,Vegeta,205200000,Movie 9: Bojack Unbound,Dragon Ball Z
981,Piccolo (weighted),14400000,Movie 9: Bojack Unbound,Dragon Ball Z
982,Zangya,1310000000,Movie 9: Bojack Unbound,Dragon Ball Z
983,Gohan,360000000,Movie 9: Bojack Unbound,Dragon Ball Z
984,Trunks,108000000,Movie 9: Bojack Unbound,Dragon Ball Z
985,Kogu (full power form),4000000000,Movie 9: Bojack Unbound,Dragon Ball Z
986,Trunks (SSJ),5400000000,Movie 9: Bojack Unbound,Dragon Ball Z
987,Bujin,1340000000,Movie 9: Bojack Unbound,Dragon Ball Z
988,Bido,1340000000,Movie 9: Bojack Unbound,Dragon Ball Z
989,Gohan (MSSJ supressed),15000000000,Movie 9: Bojack Unbound,Dragon Ball Z
990,Piccolo (full power),7200000000,Movie 9: Bojack Unbound,Dragon Ball Z
991,Bojack,20000000000,Movie 9: Bojack Unbound,Dragon Ball Z
992,Trunks (ASSJ),8100000000,Movie 9: Bojack Unbound,Dragon Ball Z
993,Vegeta (ASSJ),15390000000,Movie 9: Bojack Unbound,Dragon Ball Z
994,Bojack (full power form),30000000000,Movie 9: Bojack Unbound,Dragon Ball Z
995,Gohan (MSSJ full power),18000000000,Movie 9: Bojack Unbound,Dragon Ball Z
996,Goku (punching Bojack),4300000000,Movie 9: Bojack Unbound,Dragon Ball Z
997,Gohan (SSJ2),36000000000,Movie 9: Bojack Unbound,Dragon Ball Z
998,Videl,5,Movie 10: Broly- The Second Coming,Dragon Ball Z
999,Trunks,10000000,Movie 10: Broly- The Second Coming,Dragon Ball Z
1000,Goten,9800000,Movie 10: Broly- The Second Coming,Dragon Ball Z
1001,Broly (Zenkai),500000000,Movie 10: Broly- The Second Coming,Dragon Ball Z
1002,Goten (SSJ),490000000,Movie 10: Broly- The Second Coming,Dragon Ball Z
1003,Trunks (SSJ),500000000,Movie 10: Broly- The Second Coming,Dragon Ball Z
1004,Broly (SSJ),25000000000,Movie 10: Broly- The Second Coming,Dragon Ball Z
1005,Gohan (fighting Broly),360000000,Movie 10: Broly- The Second Coming,Dragon Ball Z
1006,Gohan (SSJ2),36000000000,Movie 10: Broly- The Second Coming,Dragon Ball Z
1007,Broly (LSSJ),75000000000,Movie 10: Broly- The Second Coming,Dragon Ball Z
1008,Krillin,1000000,Movie 10: Broly- The Second Coming,Dragon Ball Z
1009,Gohan (MSSJ),18000000000,Movie 10: Broly- The Second Coming,Dragon Ball Z
1010,Broly's Omega Blaster,130000000000,Movie 10: Broly- The Second Coming,Dragon Ball Z
1011,Goku,2800000000,Movie 10: Broly- The Second Coming,Dragon Ball Z
1012,Goku (MSSJ),140000000000,Movie 10: Broly- The Second Coming,Dragon Ball Z
1013,Family Kamehameha,300000000000,Movie 10: Broly- The Second Coming,Dragon Ball Z
1014,Mr. Satan,7,Movie 11: Bio-Broly,Dragon Ball Z
1015,Android 18,8000000000,Movie 11: Bio-Broly,Dragon Ball Z
1016,Krillin,1000000,Movie 11: Bio-Broly,Dragon Ball Z
1017,Goten,9800000,Movie 11: Bio-Broly,Dragon Ball Z
1018,Trunks,10000000,Movie 11: Bio-Broly,Dragon Ball Z
1019,Bio-Broly,700000000,Movie 11: Bio-Broly,Dragon Ball Z
1020,Goten (SSJ),490000000,Movie 11: Bio-Broly,Dragon Ball Z
1021,Trunks (SSJ),500000000,Movie 11: Bio-Broly,Dragon Ball Z
1022,Krillin's Kamehameha,8000000,Movie 11: Bio-Broly,Dragon Ball Z
1023,Goten's Kamehameha,950000000,Movie 11: Bio-Broly,Dragon Ball Z
1024,Trunk's Kamehameha,980000000,Movie 11: Bio-Broly,Dragon Ball Z
1025,Goten's Super Kamehameha,3000000000,Movie 11: Bio-Broly,Dragon Ball Z
1026,Trunk's Big Tree Cannon,3150000000,Movie 11: Bio-Broly,Dragon Ball Z
1027,King Yenma,17,Movie 12: Fusion Reborn,Dragon Ball Z
1028,King Kai,35,Movie 12: Fusion Reborn,Dragon Ball Z
1029,Goku,2800000000,Movie 12: Fusion Reborn,Dragon Ball Z
1030,Pikkon (supressed),1600000000,Movie 12: Fusion Reborn,Dragon Ball Z
1031,Gohan,360000000,Movie 12: Fusion Reborn,Dragon Ball Z
1032,Goten,9800000,Movie 12: Fusion Reborn,Dragon Ball Z
1033,Videl,5,Movie 12: Fusion Reborn,Dragon Ball Z
1034,Chi-chi,130,Movie 12: Fusion Reborn,Dragon Ball Z
1035,Janemba,400000000000,Movie 12: Fusion Reborn,Dragon Ball Z
1036,Mr. Satan,6,Movie 12: Fusion Reborn,Dragon Ball Z
1037,Frieza,140000000,Movie 12: Fusion Reborn,Dragon Ball Z
1038,Gohan (fighting Frieza),360000000,Movie 12: Fusion Reborn,Dragon Ball Z
1039,Trunks,10000000,Movie 12: Fusion Reborn,Dragon Ball Z
1040,Pikkon (full power),40000000000,Movie 12: Fusion Reborn,Dragon Ball Z
1041,Goku (MSSJ),140000000000,Movie 12: Fusion Reborn,Dragon Ball Z
1042,Goku (SSJ2),280000000000,Movie 12: Fusion Reborn,Dragon Ball Z
1043,Goku (SSJ3),1120000000000,Movie 12: Fusion Reborn,Dragon Ball Z
1044,Goten (SSJ),490000000,Movie 12: Fusion Reborn,Dragon Ball Z
1045,Trunks (SSJ),500000000,Movie 12: Fusion Reborn,Dragon Ball Z
1046,Super Janemba (supressed),1500000000000,Movie 12: Fusion Reborn,Dragon Ball Z
1047,Super Janemba (supressed),3000000000000,Movie 12: Fusion Reborn,Dragon Ball Z
1048,Super Janemba (supressed),7500000000000,Movie 12: Fusion Reborn,Dragon Ball Z
1049,Vegeta (SSJ2),280000000000,Movie 12: Fusion Reborn,Dragon Ball Z
1050,Vegeta,2800000000,Movie 12: Fusion Reborn,Dragon Ball Z
1051,Veku,56000000,Movie 12: Fusion Reborn,Dragon Ball Z
1052,Gogeta (MSSJ),28000000000000,Movie 12: Fusion Reborn,Dragon Ball Z
1053,Gotenks (SSJ),99000000000,Movie 12: Fusion Reborn,Dragon Ball Z
1054,Super Janemba (full power),14000000000000,Movie 12: Fusion Reborn,Dragon Ball Z
1055,Great Saiyaman,200,Movie 13: Wrath of the Dragon,Dragon Ball Z
1056,Great Saiyawoman,5,Movie 13: Wrath of the Dragon,Dragon Ball Z
1057,Hoi,20,Movie 13: Wrath of the Dragon,Dragon Ball Z
1058,Bulma,1.5,Movie 13: Wrath of the Dragon,Dragon Ball Z
1059,Goku,2800000000,Movie 13: Wrath of the Dragon,Dragon Ball Z
1060,Goten,19600000,Movie 13: Wrath of the Dragon,Dragon Ball Z
1061,Krillin,2000000,Movie 13: Wrath of the Dragon,Dragon Ball Z
1062,Trunks,20000000,Movie 13: Wrath of the Dragon,Dragon Ball Z
1063,Gohan,40000000000,Movie 13: Wrath of the Dragon,Dragon Ball Z
1064,Tapion,3000000000,Movie 13: Wrath of the Dragon,Dragon Ball Z
1065,Master Roshi,139,Movie 13: Wrath of the Dragon,Dragon Ball Z
1066,Hirudegarn (legs),200000000000,Movie 13: Wrath of the Dragon,Dragon Ball Z
1067,Ultimate Gohan,4000000000000,Movie 13: Wrath of the Dragon,Dragon Ball Z
1068,Goku (SSJ2),280000000000,Movie 13: Wrath of the Dragon,Dragon Ball Z
1069,Goten (SSJ),980000000,Movie 13: Wrath of the Dragon,Dragon Ball Z
1070,Vegeta,2800000000,Movie 13: Wrath of the Dragon,Dragon Ball Z
1071,Vegeta (SSJ2),280000000000,Movie 13: Wrath of the Dragon,Dragon Ball Z
1072,Hirudegarn,1000000000000,Movie 13: Wrath of the Dragon,Dragon Ball Z
1073,Trunks (SSJ),200000000,Movie 13: Wrath of the Dragon,Dragon Ball Z
1074,Gotenks (SSJ3),1584000000000,Movie 13: Wrath of the Dragon,Dragon Ball Z
1075,Hirudegarn (transformed),2000000000000,Movie 13: Wrath of the Dragon,Dragon Ball Z
1076,Goku (SSJ3),1120000000000,Movie 13: Wrath of the Dragon,Dragon Ball Z
1077,Goku's Super Dragon Fist,3500000000000,Movie 13: Wrath of the Dragon,Dragon Ball Z
1078,Bardock (Great Ape),50,Dragon Ball Z: Bardock-Father of Goku,Dragon Ball Z
1079,Tora (Great Ape),40,Dragon Ball Z: Bardock-Father of Goku,Dragon Ball Z
1080,Shugesh (Great Ape),35,Dragon Ball Z: Bardock-Father of Goku,Dragon Ball Z
1081,Borgos (Great Ape),38,Dragon Ball Z: Bardock-Father of Goku,Dragon Ball Z
1082,Fasha (Great Ape),32,Dragon Ball Z: Bardock-Father of Goku,Dragon Ball Z
1083,Bardock,5,Dragon Ball Z: Bardock-Father of Goku,Dragon Ball Z
1084,Tora,4,Dragon Ball Z: Bardock-Father of Goku,Dragon Ball Z
1085,Shugesh,35,Dragon Ball Z: Bardock-Father of Goku,Dragon Ball Z
1086,Borgos,38,Dragon Ball Z: Bardock-Father of Goku,Dragon Ball Z
1087,Fasha,32,Dragon Ball Z: Bardock-Father of Goku,Dragon Ball Z
1088,Toolo,45,Dragon Ball Z: Bardock-Father of Goku,Dragon Ball Z
1089,Saibamen,12,Dragon Ball Z: Bardock-Father of Goku,Dragon Ball Z
1090,Vegeta,12,Dragon Ball Z: Bardock-Father of Goku,Dragon Ball Z
1091,Nappa (calm),4,Dragon Ball Z: Bardock-Father of Goku,Dragon Ball Z
1092,Frieza (calm),220,Dragon Ball Z: Bardock-Father of Goku,Dragon Ball Z
1093,Zarbon,22,Dragon Ball Z: Bardock-Father of Goku,Dragon Ball Z
1094,Dodoria,21,Dragon Ball Z: Bardock-Father of Goku,Dragon Ball Z
1095,Bardock (Zenkai),10,Dragon Ball Z: Bardock-Father of Goku,Dragon Ball Z
1096,Horned gang leader,78,Dragon Ball Z: Bardock-Father of Goku,Dragon Ball Z
1097,Appule look-alike,58,Dragon Ball Z: Bardock-Father of Goku,Dragon Ball Z
1098,Green fish-like soldier,64,Dragon Ball Z: Bardock-Father of Goku,Dragon Ball Z
1099,Frog-like soldier,6,Dragon Ball Z: Bardock-Father of Goku,Dragon Ball Z
1100,Dodoria's mouth blast,225,Dragon Ball Z: Bardock-Father of Goku,Dragon Ball Z
1101,Frieza,530,Dragon Ball Z: Bardock-Father of Goku,Dragon Ball Z
1102,Bardock's Final Spirit Cannon,24,Dragon Ball Z: Bardock-Father of Goku,Dragon Ball Z
1103,Frieza's Supernova,750,Dragon Ball Z: Bardock-Father of Goku,Dragon Ball Z
1104,Gohan (kid),3000000,Dragon Ball Z: History of Trunks,Dragon Ball Z
1105,Krillin,765,Dragon Ball Z: History of Trunks,Dragon Ball Z
1106,Chiaotzu,25,Dragon Ball Z: History of Trunks,Dragon Ball Z
1107,Tien,865,Dragon Ball Z: History of Trunks,Dragon Ball Z
1108,Yamcha,695,Dragon Ball Z: History of Trunks,Dragon Ball Z
1109,Piccolo,2400000,Dragon Ball Z: History of Trunks,Dragon Ball Z
1110,Vegeta,5700000,Dragon Ball Z: History of Trunks,Dragon Ball Z
1111,Chi-chi,130,Dragon Ball Z: History of Trunks,Dragon Ball Z
1112,Goku (at the time of his death),6000000,Dragon Ball Z: History of Trunks,Dragon Ball Z
1113,Goku (SSJ),300000000,Dragon Ball Z: History of Trunks,Dragon Ball Z
1114,Android 18,5000000000,Dragon Ball Z: History of Trunks,Dragon Ball Z
1115,Android 17,5000000000,Dragon Ball Z: History of Trunks,Dragon Ball Z
1116,Piccolo,3400000,Dragon Ball Z: History of Trunks,Dragon Ball Z
1117,Vegeta,6700000,Dragon Ball Z: History of Trunks,Dragon Ball Z
1118,Vegeta (SSJ),335000000,Dragon Ball Z: History of Trunks,Dragon Ball Z
1119,Yamcha,70,Dragon Ball Z: History of Trunks,Dragon Ball Z
1120,Tien,87,Dragon Ball Z: History of Trunks,Dragon Ball Z
1121,Krillin,77,Dragon Ball Z: History of Trunks,Dragon Ball Z
1122,Trunks,800,Dragon Ball Z: History of Trunks,Dragon Ball Z
1123,Gohan,78000000,Dragon Ball Z: History of Trunks,Dragon Ball Z
1124,Gohan (SSJ),3900000000,Dragon Ball Z: History of Trunks,Dragon Ball Z
1125,Android 17 (less than 50%),4500000000,Dragon Ball Z: History of Trunks,Dragon Ball Z
1126,Android 18,46000000000,Dragon Ball Z: History of Trunks,Dragon Ball Z
1127,Trunks (Zenkai),1000000,Dragon Ball Z: History of Trunks,Dragon Ball Z
1128,Gohan (Zenkai),80000000,Dragon Ball Z: History of Trunks,Dragon Ball Z
1129,Gohan (SSJ),4000000,Dragon Ball Z: History of Trunks,Dragon Ball Z
1130,Gohan (one year of training),160000000,Dragon Ball Z: History of Trunks,Dragon Ball Z
1131,Trunks (one year of training),2000000,Dragon Ball Z: History of Trunks,Dragon Ball Z
1132,Gohan (SSJ),8000000000,Dragon Ball Z: History of Trunks,Dragon Ball Z
1133,Android 17 (full power),10000000000,Dragon Ball Z: History of Trunks,Dragon Ball Z
1134,Android 18 (full power),10000000000,Dragon Ball Z: History of Trunks,Dragon Ball Z
1135,Trunks (SSJ),100000000,Dragon Ball Z: History of Trunks,Dragon Ball Z
1136,Trunks,6000000,Dragon Ball Z: History of Trunks,Dragon Ball Z
1137,Trunks (SSJ),300000000,Dragon Ball Z: History of Trunks,Dragon Ball Z
1138,Pan,10000000,Dragon Ball GT: A Hero's Legacy,Dragon Ball Z
1139,Goku Jr,5,Dragon Ball GT: A Hero's Legacy,Dragon Ball Z
1140,Puck,1,Dragon Ball GT: A Hero's Legacy,Dragon Ball Z
1141,Pan (sick),90,Dragon Ball GT: A Hero's Legacy,Dragon Ball Z
1142,Truck Driver,3,Dragon Ball GT: A Hero's Legacy,Dragon Ball Z
1143,Mamba,15,Dragon Ball GT: A Hero's Legacy,Dragon Ball Z
1144,Torga,6,Dragon Ball GT: A Hero's Legacy,Dragon Ball Z
1145,Susha,6,Dragon Ball GT: A Hero's Legacy,Dragon Ball Z
1146,Bear,8,Dragon Ball GT: A Hero's Legacy,Dragon Ball Z
1147,Lord Yao,23,Dragon Ball GT: A Hero's Legacy,Dragon Ball Z
1148,Goku Jr. (SSJ),250,Dragon Ball GT: A Hero's Legacy,Dragon Ball Z
1149,Goku Sr,100000000000,Dragon Ball GT: A Hero's Legacy,Dragon Ball Z
1150,Pan,10000000,Dragon Ball GT: A Hero's Legacy,Dragon Ball Z
1151,Videl,4.5,Dragon Ball: Yo! Son Goku and His Friends Return ,Dragon Ball Z
1152,Mr. Satan,7,Dragon Ball: Yo! Son Goku and His Friends Return ,Dragon Ball Z
1153,Gohan,40000000000,Dragon Ball: Yo! Son Goku and His Friends Return ,Dragon Ball Z
1154,Chi-chi,130,Dragon Ball: Yo! Son Goku and His Friends Return ,Dragon Ball Z
1155,Goku,5600000000,Dragon Ball: Yo! Son Goku and His Friends Return ,Dragon Ball Z
1156,Goten,39200000,Dragon Ball: Yo! Son Goku and His Friends Return ,Dragon Ball Z
1157,Master Roshi,139,Dragon Ball: Yo! Son Goku and His Friends Return ,Dragon Ball Z
1158,Android 18,8000000000,Dragon Ball: Yo! Son Goku and His Friends Return ,Dragon Ball Z
1159,Krillin,2000000,Dragon Ball: Yo! Son Goku and His Friends Return ,Dragon Ball Z
1160,Yamcha,1250000,Dragon Ball: Yo! Son Goku and His Friends Return ,Dragon Ball Z
1161,Piccolo,1440000000,Dragon Ball: Yo! Son Goku and His Friends Return ,Dragon Ball Z
1162,Vegeta,5600000000,Dragon Ball: Yo! Son Goku and His Friends Return ,Dragon Ball Z
1163,Trunks,40000000,Dragon Ball: Yo! Son Goku and His Friends Return ,Dragon Ball Z
1164,Bulma,1.5,Dragon Ball: Yo! Son Goku and His Friends Return ,Dragon Ball Z
1165,Tien,2560000,Dragon Ball: Yo! Son Goku and His Friends Return ,Dragon Ball Z
1166,Chiaotzu,290,Dragon Ball: Yo! Son Goku and His Friends Return ,Dragon Ball Z
1167,Dende,8,Dragon Ball: Yo! Son Goku and His Friends Return ,Dragon Ball Z
1168,Yajirobe,3,Dragon Ball: Yo! Son Goku and His Friends Return ,Dragon Ball Z
1169,King Kai,35,Dragon Ball: Yo! Son Goku and His Friends Return ,Dragon Ball Z
1170,Old Kai,1500000,Dragon Ball: Yo! Son Goku and His Friends Return ,Dragon Ball Z
1171,Kibito Kai,120000000000,Dragon Ball: Yo! Son Goku and His Friends Return ,Dragon Ball Z
1172,Tarble,750,Dragon Ball: Yo! Son Goku and His Friends Return ,Dragon Ball Z
1173,Gure,4,Dragon Ball: Yo! Son Goku and His Friends Return ,Dragon Ball Z
1174,Goku (on Tarble's scouter),5,Dragon Ball: Yo! Son Goku and His Friends Return ,Dragon Ball Z
1175,Goku (MSSJ),280000000000,Dragon Ball: Yo! Son Goku and His Friends Return ,Dragon Ball Z
1176,Abo,120000000,Dragon Ball: Yo! Son Goku and His Friends Return ,Dragon Ball Z
1177,Kado,120000000,Dragon Ball: Yo! Son Goku and His Friends Return ,Dragon Ball Z
1178,Goten,39200000,Dragon Ball: Yo! Son Goku and His Friends Return ,Dragon Ball Z
1179,Trunks,40000000,Dragon Ball: Yo! Son Goku and His Friends Return ,Dragon Ball Z
1180,Aka,24000000000,Dragon Ball: Yo! Son Goku and His Friends Return ,Dragon Ball Z
1181,Goten (SSJ),1960000000,Dragon Ball: Yo! Son Goku and His Friends Return ,Dragon Ball Z
1182,Trunks (SSJ),2000000000,Dragon Ball: Yo! Son Goku and His Friends Return ,Dragon Ball Z
1183,Fat Gotenks,792,Dragon Ball: Yo! Son Goku and His Friends Return ,Dragon Ball Z
1184,Gotenks,7920000000,Dragon Ball: Yo! Son Goku and His Friends Return ,Dragon Ball Z
1185,Gotenks (MSSJ),396000000000,Dragon Ball: Yo! Son Goku and His Friends Return ,Dragon Ball Z
1186,Aka (full power),48000000,Dragon Ball: Yo! Son Goku and His Friends Return ,Dragon Ball Z
1187,Goku (MSSJ),280000000000,Dragon Ball: Yo! Son Goku and His Friends Return ,Dragon Ball Z
1188,Vegeta (MSSJ),280000000000,Dragon Ball: Yo! Son Goku and His Friends Return ,Dragon Ball Z
1189,Bardock,10,Dragon Ball: Episode of Bardock,Dragon Ball Z
1190,Frieza,530,Dragon Ball: Episode of Bardock,Dragon Ball Z
1191,Zarbon,22,Dragon Ball: Episode of Bardock,Dragon Ball Z
1192,Dodoria,21,Dragon Ball: Episode of Bardock,Dragon Ball Z
1193,Bardock's Final Spirit Cannon,24,Dragon Ball: Episode of Bardock,Dragon Ball Z
1194,Frieza's Supernova,750,Dragon Ball: Episode of Bardock,Dragon Ball Z
1195,Bardock (Zenkai),50,Dragon Ball: Episode of Bardock,Dragon Ball Z
1196,Toobi,20,Dragon Ball: Episode of Bardock,Dragon Ball Z
1197,Cabira,21,Dragon Ball: Episode of Bardock,Dragon Ball Z
1198,Chilled (calm),680,Dragon Ball: Episode of Bardock,Dragon Ball Z
1199,Chilled (full power),1120000,Dragon Ball: Episode of Bardock,Dragon Ball Z
1200,Bardock (SSJ),2500000,Dragon Ball: Episode of Bardock,Dragon Ball Z
1201,Chilled's Death Ball,8000000,Dragon Ball: Episode of Bardock,Dragon Ball Z
1202,Bardock's Final Spirit Cannon,13000000,Dragon Ball: Episode of Bardock,Dragon Ball Z
1203,King Kai,35,Movie 14: Battle of Gods,Dragon Ball Z
1204,Old Kai,1500000,Movie 14: Battle of Gods,Dragon Ball Z
1205,Kibito Kai,120000000000,Movie 14: Battle of Gods,Dragon Ball Z
1206,Goku,11200000000,Movie 14: Battle of Gods,Dragon Ball Z
1207,Beerus,18000000000000,Movie 14: Battle of Gods,Dragon Ball Z
1208,Whis,21000000000000,Movie 14: Battle of Gods,Dragon Ball Z
1209,Bulma,1.5,Movie 14: Battle of Gods,Dragon Ball Z
1210,Vegeta,11200000000,Movie 14: Battle of Gods,Dragon Ball Z
1211,Goku (MSSJ),560000000000,Movie 14: Battle of Gods,Dragon Ball Z
1212,Goku (SSJ2),1120000000000,Movie 14: Battle of Gods,Dragon Ball Z
1213,Goku (SSJ3),4480000000000,Movie 14: Battle of Gods,Dragon Ball Z
1214,Master Roshi,139,Movie 14: Battle of Gods,Dragon Ball Z
1215,Piccolo,72000000000,Movie 14: Battle of Gods,Dragon Ball Z
1216,Android 18,8000000000,Movie 14: Battle of Gods,Dragon Ball Z
1217,Krillin,4000000,Movie 14: Battle of Gods,Dragon Ball Z
1218,Yamcha,2000000,Movie 14: Battle of Gods,Dragon Ball Z
1219,Tien,5000000,Movie 14: Battle of Gods,Dragon Ball Z
1220,Trunks,8000000,Movie 14: Battle of Gods,Dragon Ball Z
1221,Goten,78400000,Movie 14: Battle of Gods,Dragon Ball Z
1222,Videl,5,Movie 14: Battle of Gods,Dragon Ball Z
1223,Good Buu,400000000000,Movie 14: Battle of Gods,Dragon Ball Z
1224,Gohan,40000000000,Movie 14: Battle of Gods,Dragon Ball Z
1225,Ultimate Gohan,4000000000000,Movie 14: Battle of Gods,Dragon Ball Z
1226,Gotenks,15840000000,Movie 14: Battle of Gods,Dragon Ball Z
1227,Gotenks (MSSJ),792000000000,Movie 14: Battle of Gods,Dragon Ball Z
1228,Vegeta (SSJ2),1120000000000,Movie 14: Battle of Gods,Dragon Ball Z
1229,Vegeta (SSJ2 angry),8960000000000,Movie 14: Battle of Gods,Dragon Ball Z
1230,Vegeta,22400000000,Movie 14: Battle of Gods,Dragon Ball Z
1231,Goten (MSSJ),3920000000,Movie 14: Battle of Gods,Dragon Ball Z
1232,Trunks (MSSJ),4000000000,Movie 14: Battle of Gods,Dragon Ball Z
1233,Gohan (SSJ2),4000000000000,Movie 14: Battle of Gods,Dragon Ball Z
1234,Goku (MSSJ energy gathered),2000000000000,Movie 14: Battle of Gods,Dragon Ball Z
1235,Goku (SSJG 80%),195000000000000,Movie 14: Battle of Gods,Dragon Ball Z
1236,Beerus,200000000000000,Movie 14: Battle of Gods,Dragon Ball Z
1237,Goku (SSJG full power),224000000000000,Movie 14: Battle of Gods,Dragon Ball Z
1238,Beerus (70%),640000000000000,Movie 14: Battle of Gods,Dragon Ball Z
1239,Goku (base with SSJG power),448000000000,Movie 14: Battle of Gods,Dragon Ball Z
1240,Goku (MSSJ with SSJG's power),22400000000000,Movie 14: Battle of Gods,Dragon Ball Z
1241,Goku (SSJG),224000000000000,Movie 14: Battle of Gods,Dragon Ball Z
1242,Goku,44800000000,Movie 14: Battle of Gods,Dragon Ball Z
1243,Beerus (full power never shown),896000000000000,Movie 14: Battle of Gods,Dragon Ball Z
1244,Whis (full power never shown,4480000000000000,Movie 14: Battle of Gods,Dragon Ball Z